{
    "classical_model_accuracies": [
        0.4875,
        0.4875,
        0.4875,
        0.4875,
        0.4875,
        0.7,
        0.755,
        0.78,
        0.775,
        0.7925,
        0.79,
        0.8,
        0.8,
        0.7925,
        0.8025,
        0.8075,
        0.8,
        0.8075,
        0.8075,
        0.8125
    ],
    "classical_model_losses": [
        0.7459333389997482,
        0.7222439423203468,
        0.7011783719062805,
        0.6711038202047348,
        0.6189329475164413,
        0.5631157085299492,
        0.5200834907591343,
        0.49300963431596756,
        0.47665270417928696,
        0.4618030898272991,
        0.4512691758573055,
        0.44469619169831276,
        0.4416145533323288,
        0.43476057797670364,
        0.4313424713909626,
        0.43085215240716934,
        0.42551811039447784,
        0.4239679276943207,
        0.4204804040491581,
        0.4205417186021805
    ],
    "classical_model_final_loss": 82.0,
    "classical_model_final_accuracy": 0.426030695438385,
    "qiskit_model_accuracies": [
        0.595,
        0.6775,
        0.745,
        0.7875,
        0.8125,
        0.825,
        0.8375,
        0.8475,
        0.8525,
        0.8575,
        0.8575,
        0.86,
        0.85,
        0.85,
        0.84,
        0.84,
        0.8425,
        0.8375,
        0.8325,
        0.8325
    ],
    "qiskit_model_losses": [
        0.6714602634310722,
        0.6401492431759834,
        0.6120999455451965,
        0.5901418104767799,
        0.5751155465841293,
        0.5654244124889374,
        0.5591519847512245,
        0.554908387362957,
        0.5521178394556046,
        0.550319604575634,
        0.5497902110219002,
        0.5494810491800308,
        0.5489846840500832,
        0.5488779246807098,
        0.5489861220121384,
        0.5484108552336693,
        0.5481501445174217,
        0.548197515308857,
        0.548024408519268,
        0.547799676656723
    ],
    "qiskit_model_final_loss": 85.5,
    "qiskit_model_final_accuracy": 0.5421968698501587,
    "merlin_model_accuracies": [
        0.415,
        0.46,
        0.495,
        0.5375,
        0.5775,
        0.615,
        0.68,
        0.6925,
        0.7075,
        0.7125,
        0.7025,
        0.7,
        0.7225,
        0.7425,
        0.755,
        0.77,
        0.78,
        0.78,
        0.7925,
        0.8025
    ],
    "merlin_model_losses": [
        14.710397601127625,
        11.934028625488281,
        8.99584013223648,
        6.253179967403412,
        4.009405136108398,
        2.5237904638051987,
        1.8399328589439392,
        1.7799217402935028,
        1.6981654688715935,
        1.5690596848726273,
        1.441096231341362,
        1.3449095338582993,
        1.2297962233424187,
        1.1228898987174034,
        1.0413986444473267,
        0.9555476121604443,
        0.88863405585289,
        0.8349413797259331,
        0.7832878977060318,
        0.7403324097394943
    ],
    "merlin_model_final_loss": 81.5,
    "merlin_model_final_accuracy": 0.6868979930877686
}