{
    "classical_model_accuracies": [
        0.5675,
        0.735,
        0.76,
        0.75,
        0.7675,
        0.7725,
        0.8125,
        0.8225,
        0.8325,
        0.855,
        0.8475,
        0.8625,
        0.8675,
        0.8775,
        0.88,
        0.875,
        0.8875,
        0.8725,
        0.88,
        0.8925
    ],
    "classical_model_losses": [
        5.494280099868774,
        5.10121214389801,
        4.663065791130066,
        4.1677137315273285,
        3.7025714218616486,
        3.274055540561676,
        2.9839211106300354,
        2.7803664207458496,
        2.597402900457382,
        2.5286258906126022,
        2.4245680272579193,
        2.3229698836803436,
        2.2466040402650833,
        2.174623563885689,
        2.1126033812761307,
        2.1059549152851105,
        2.0960299521684647,
        2.021883085370064,
        1.987950786948204,
        1.98948372900486
    ],
    "classical_model_final_loss": 85.5,
    "classical_model_final_accuracy": 0.28134021162986755,
    "qiskit_model_accuracies": [
        0.73,
        0.8375,
        0.875,
        0.88,
        0.885,
        0.8875,
        0.8925,
        0.905,
        0.9175,
        0.9275,
        0.93,
        0.9325,
        0.935,
        0.9375,
        0.9425,
        0.9425,
        0.9425,
        0.9425,
        0.9425,
        0.9425
    ],
    "qiskit_model_losses": [
        5.187490880489349,
        4.931345701217651,
        4.736902117729187,
        4.595966875553131,
        4.4919673800468445,
        4.422655820846558,
        4.371877431869507,
        4.331584870815277,
        4.302889108657837,
        4.2794235944747925,
        4.261724412441254,
        4.246644139289856,
        4.241032361984253,
        4.230795383453369,
        4.224481582641602,
        4.218989133834839,
        4.214076340198517,
        4.209872364997864,
        4.205390572547913,
        4.198043584823608
    ],
    "qiskit_model_final_loss": 90.5,
    "qiskit_model_final_accuracy": 0.5368805527687073,
    "merlin_model_accuracies": [
        0.6575,
        0.6875,
        0.73,
        0.8075,
        0.8575,
        0.89,
        0.9075,
        0.93,
        0.9325,
        0.9425,
        0.94,
        0.9375,
        0.9375,
        0.9375,
        0.935,
        0.9425,
        0.94,
        0.9375,
        0.94,
        0.9425
    ],
    "merlin_model_losses": [
        21.76426875591278,
        17.031744360923767,
        12.019904017448425,
        8.04180121421814,
        5.198808461427689,
        3.378982961177826,
        2.400390900671482,
        1.8302134312689304,
        1.5860264040529728,
        1.4525238126516342,
        1.375684231519699,
        1.3166780769824982,
        1.2710051536560059,
        1.2398628629744053,
        1.242149192839861,
        1.201673953793943,
        1.1772518083453178,
        1.166049363091588,
        1.1357729863375425,
        1.12656269967556
    ],
    "merlin_model_final_loss": 95.5,
    "merlin_model_final_accuracy": 0.12100841850042343
}