{
    "classical_model_accuracies": [
        0.5125,
        0.5375,
        0.7275,
        0.63,
        0.735,
        0.77,
        0.775,
        0.79,
        0.7975,
        0.7925,
        0.79,
        0.8,
        0.8075,
        0.805,
        0.805,
        0.805,
        0.8025,
        0.8,
        0.805,
        0.8075
    ],
    "classical_model_losses": [
        0.7273926809430122,
        0.6864381060004234,
        0.6643523946404457,
        0.6263773739337921,
        0.5558921098709106,
        0.4984927289187908,
        0.465106301009655,
        0.4372212029993534,
        0.41225288435816765,
        0.40106187388300896,
        0.3902730420231819,
        0.37886234372854233,
        0.3741157613694668,
        0.36618366464972496,
        0.35765984281897545,
        0.35510220378637314,
        0.3525892458856106,
        0.3498751260340214,
        0.3475191928446293,
        0.3505522608757019
    ],
    "classical_model_final_loss": 76.5,
    "classical_model_final_accuracy": 0.3756379783153534,
    "qiskit_model_accuracies": [
        0.52,
        0.6075,
        0.685,
        0.7525,
        0.795,
        0.82,
        0.8425,
        0.8575,
        0.8675,
        0.87,
        0.875,
        0.875,
        0.8825,
        0.88,
        0.8925,
        0.895,
        0.895,
        0.895,
        0.895,
        0.8975
    ],
    "qiskit_model_losses": [
        0.6878484636545181,
        0.6680694669485092,
        0.6473297700285912,
        0.6272314935922623,
        0.6093318611383438,
        0.5946079418063164,
        0.582956500351429,
        0.5728201270103455,
        0.5635059475898743,
        0.5560434460639954,
        0.5501405224204063,
        0.5457942858338356,
        0.5426883324980736,
        0.5404321998357773,
        0.5386043712496758,
        0.5370896309614182,
        0.535935215651989,
        0.5348372794687748,
        0.533796887844801,
        0.532973900437355
    ],
    "qiskit_model_final_loss": 91.5,
    "qiskit_model_final_accuracy": 0.5264326333999634,
    "merlin_model_accuracies": [
        0.5325,
        0.5325,
        0.565,
        0.5675,
        0.6025,
        0.66,
        0.7175,
        0.745,
        0.8075,
        0.765,
        0.7925,
        0.8275,
        0.835,
        0.85,
        0.8675,
        0.8775,
        0.8875,
        0.8975,
        0.9025,
        0.9075
    ],
    "merlin_model_losses": [
        3.8058528900146484,
        3.048454701900482,
        2.5097443610429764,
        1.8779641389846802,
        1.351366214454174,
        0.9111345112323761,
        0.6143172569572926,
        0.46094388887286186,
        0.41513293981552124,
        0.43179508298635483,
        0.37081697955727577,
        0.3512974213808775,
        0.3193098418414593,
        0.2996022179722786,
        0.2800122853368521,
        0.26015192456543446,
        0.24334937520325184,
        0.22998048178851604,
        0.21483121626079082,
        0.20349260978400707
    ],
    "merlin_model_final_loss": 94.5,
    "merlin_model_final_accuracy": 0.14884129166603088
}