{
    "classical_model_accuracies": [
        0.51,
        0.5325,
        0.5725,
        0.64,
        0.69,
        0.7125,
        0.7125,
        0.72,
        0.735,
        0.75,
        0.78,
        0.7925,
        0.8,
        0.825,
        0.8525,
        0.8525,
        0.8575,
        0.8575,
        0.8625,
        0.8675
    ],
    "classical_model_losses": [
        5.527044773101807,
        5.271231770515442,
        5.00715708732605,
        4.761446893215179,
        4.482652723789215,
        4.272247672080994,
        4.0819322764873505,
        3.8526570200920105,
        3.599961370229721,
        3.288746029138565,
        2.98856782913208,
        2.809138536453247,
        2.703275829553604,
        2.5221138149499893,
        2.4330270290374756,
        2.409131705760956,
        2.3524270951747894,
        2.3194766864180565,
        2.2978946566581726,
        2.2465515434741974
    ],
    "classical_model_final_loss": 85.0,
    "classical_model_final_accuracy": 0.3294680714607239,
    "qiskit_model_accuracies": [
        0.6875,
        0.79,
        0.8,
        0.8225,
        0.8325,
        0.8375,
        0.8475,
        0.87,
        0.885,
        0.895,
        0.9225,
        0.94,
        0.94,
        0.9375,
        0.9375,
        0.94,
        0.9475,
        0.9475,
        0.95,
        0.95
    ],
    "qiskit_model_losses": [
        5.150018095970154,
        4.911795794963837,
        4.754031240940094,
        4.65238618850708,
        4.585430800914764,
        4.535398721694946,
        4.496056437492371,
        4.4625237584114075,
        4.431632220745087,
        4.40734601020813,
        4.390248119831085,
        4.376663506031036,
        4.368697285652161,
        4.362897217273712,
        4.3580838441848755,
        4.354296267032623,
        4.347849607467651,
        4.343738257884979,
        4.339088499546051,
        4.33376282453537
    ],
    "qiskit_model_final_loss": 93.5,
    "qiskit_model_final_accuracy": 0.5476848483085632,
    "merlin_model_accuracies": [
        0.3275,
        0.405,
        0.5225,
        0.6225,
        0.685,
        0.7125,
        0.72,
        0.72,
        0.7225,
        0.7375,
        0.7475,
        0.7525,
        0.76,
        0.76,
        0.7575,
        0.7575,
        0.765,
        0.785,
        0.8025,
        0.8275
    ],
    "merlin_model_losses": [
        20.006207942962646,
        12.234899759292603,
        8.084104299545288,
        5.773183107376099,
        4.628735363483429,
        4.233829706907272,
        4.0908341109752655,
        3.9707014560699463,
        3.8626397252082825,
        3.768080711364746,
        3.6693272292613983,
        3.6046735048294067,
        3.5648614168167114,
        3.4758714139461517,
        3.4113539159297943,
        3.3397536873817444,
        3.209741920232773,
        3.0217161774635315,
        2.7881528437137604,
        2.546370953321457
    ],
    "merlin_model_final_loss": 84.5,
    "merlin_model_final_accuracy": 0.30347245931625366
}