{
    "qiskit_accuracies": [
        [
            50.0,
            50.0,
            50.0,
            50.0,
            50.0,
            50.0,
            50.0,
            50.0,
            52.0,
            51.0,
            50.0,
            50.0,
            50.0,
            50.0,
            50.0,
            50.0,
            50.0,
            50.0,
            50.0,
            50.0
        ]
    ],
    "qiskit_losses": [
        [
            0.6983803510665894,
            0.6972477436065674,
            0.696170449256897,
            0.6951709985733032,
            0.6942709684371948,
            0.6934939026832581,
            0.6928567290306091,
            0.6923661231994629,
            0.6920170783996582,
            0.6917937397956848,
            0.6916723251342773,
            0.6916241645812988,
            0.6916206479072571,
            0.6916365623474121,
            0.6916523575782776,
            0.6916549205780029,
            0.6916369199752808,
            0.6915960311889648,
            0.6915333271026611,
            0.69145268201828
        ]
    ],
    "qiskit_gen_error": [
        [
            -0.0012055933475494385,
            -0.0009611845016479492,
            -0.0006965696811676025,
            -0.0004138648509979248,
            -0.00011616945266723633,
            0.00018700957298278809,
            0.0004832446575164795,
            0.0007602274417877197,
            0.0010071396827697754,
            0.0012166500091552734,
            0.0013852417469024658,
            0.0015143752098083496,
            0.0016091465950012207,
            0.0016768574714660645,
            0.0017254054546356201,
            0.00176161527633667,
            0.0017915666103363037,
            0.0018190741539001465,
            0.001847296953201294,
            0.0018777251243591309
        ]
    ],
    "merlin_accuracies": [
        [
            51.0,
            48.0,
            47.0,
            47.0,
            52.0,
            52.0,
            51.0,
            51.0,
            50.0,
            53.0,
            52.0,
            46.0,
            51.0,
            52.0,
            52.0,
            50.0,
            45.0,
            52.0,
            54.0,
            53.0
        ]
    ],
    "merlin_losses": [
        [
            4.163316249847412,
            1.1074975728988647,
            1.0490484237670898,
            1.608503818511963,
            1.2416906356811523,
            0.5668978691101074,
            0.3679102957248688,
            0.7410145998001099,
            0.9380632042884827,
            0.8375267386436462,
            0.5760188102722168,
            0.35712701082229614,
            0.3428163230419159,
            0.47109317779541016,
            0.5567746162414551,
            0.518879234790802,
            0.4025800824165344,
            0.3185369372367859,
            0.34346112608909607,
            0.4260835349559784
        ]
    ],
    "merlin_gen_error": [
        [
            -2.0948546528816223,
            0.21061158180236816,
            0.725307285785675,
            -0.11756044626235962,
            -0.17112064361572266,
            0.678527295589447,
            1.4112149775028229,
            1.2664400339126587,
            0.9676249623298645,
            0.7671495676040649,
            0.6956510841846466,
            0.726745992898941,
            0.7300216257572174,
            0.6328026950359344,
            0.5352002084255219,
            0.5507145822048187,
            0.7195014357566833,
            0.9553752839565277,
            1.0855233371257782,
            1.0508758127689362
        ]
    ]
}