{
  "loss_list_embedding": [
    0.28753337264060974,
    0.2755132019519806,
    0.19369705021381378,
    0.11348262429237366,
    0.12718848884105682,
    0.11593213677406311,
    0.05273880064487457,
    0.03586060553789139,
    0.05156978592276573,
    0.05440038815140724,
    0.029666842892766,
    0.021989865228533745,
    0.019762104377150536,
    0.01891246810555458,
    0.007122386246919632,
    0.013578333891928196,
    0.012667696923017502,
    0.008318940177559853,
    0.004555178806185722,
    0.006848922464996576,
    0.0032707008067518473,
    0.00308207212947309,
    0.001422982313670218,
    0.0014285801444202662,
    0.0019555746112018824,
    0.0014711469411849976,
    0.003217503195628524,
    0.000686760526150465,
    0.006337661296129227,
    0.000338142883265391,
    0.0006627595284953713,
    0.0011340666096657515,
    0.0006944202468730509,
    0.0009342324919998646,
    0.0006305339047685266,
    0.0006075362907722592,
    0.0011519003892317414,
    0.001855854643508792,
    0.0008742846548557281,
    0.000985618564300239,
    0.000428580678999424,
    0.00040042120963335037,
    0.0012629837729036808,
    0.0008922296692617238,
    0.0010352351237088442,
    0.0005067249294370413,
    0.001004532678052783,
    0.00030957444687373936,
    0.0010178268421441317,
    0.0007773223333060741
  ],
  "train_distances": [
    0.945371371255094,
    0.9507819754611937,
    0.9408130643012089,
    0.9323098162643563,
    0.9223557779805134,
    0.9174881660348856,
    0.9250851662866508,
    0.9387391437631689,
    0.9502082363701316,
    0.9560242308907562,
    0.9616888644273709,
    0.966354236939517,
    0.9700694069678997,
    0.9719457253906112,
    0.9735978189094434,
    0.9770154452182696,
    0.9804130701940799,
    0.9828106110499323,
    0.984728126686318,
    0.9862353794287675,
    0.9871400806423005,
    0.987622819006521,
    0.9881945765561302,
    0.9887834533992392,
    0.9896047528959293,
    0.9908786246650105,
    0.9915244961115048,
    0.9918854401254308,
    0.9918715474481954,
    0.991815783881206,
    0.9918589470732442,
    0.9917939621421374,
    0.9916758644564911,
    0.9915801030340552,
    0.9915282292120311,
    0.9915294290495484,
    0.9916105667694147,
    0.9917001860279778,
    0.9916633544678803,
    0.9914712915134394,
    0.9912760937046399,
    0.9911610849705794,
    0.9911337026631917,
    0.9910350209384333,
    0.9908339775175549,
    0.9907859864865092,
    0.9912558863529908,
    0.9919663430086303,
    0.9927708596469043,
    0.9934316066473844
  ],
  "test_distances": [
    0.9515792388948681,
    0.9626685525975374,
    0.9536428597337827,
    0.9425879596627573,
    0.929976084357375,
    0.9244953989888695,
    0.9323004259414089,
    0.9455353004440312,
    0.9560810612594159,
    0.9613798714853707,
    0.9655760242438161,
    0.9687422320030326,
    0.9708872132862779,
    0.9715926330028013,
    0.972441384400976,
    0.9746851844088779,
    0.976791856232076,
    0.9779899445102626,
    0.9789764440133757,
    0.9800493692977827,
    0.9808529984885006,
    0.9816236072113671,
    0.9826298450606721,
    0.9837866222026657,
    0.9852593778468783,
    0.9870917507006611,
    0.9882073667846574,
    0.9889607785597176,
    0.9889015440997981,
    0.9887712955877421,
    0.9885836615193433,
    0.9883081259728971,
    0.9880071126403391,
    0.9877918331369158,
    0.9875971593628089,
    0.9875593744606883,
    0.9876396933011106,
    0.987682815042234,
    0.9875957233607255,
    0.9872716720216854,
    0.9869592596457226,
    0.9867517823458231,
    0.9866471374992116,
    0.9863981908052654,
    0.9861966326497597,
    0.9861555711918254,
    0.9866036911980292,
    0.9872827997247029,
    0.9880225472550768,
    0.9886424039662591
  ],
  "loss_list_classier": [
    0.4877350628376007,
    0.4786982238292694,
    0.47383007407188416,
    0.46814969182014465,
    0.46003809571266174,
    0.4499281346797943,
    0.45110023021698,
    0.44201743602752686,
    0.4393489956855774,
    0.4357862174510956,
    0.4267493486404419,
    0.4222353994846344,
    0.4170874059200287,
    0.41114482283592224,
    0.40558212995529175,
    0.4034663736820221,
    0.39736297726631165,
    0.3936668038368225,
    0.3956727683544159,
    0.3909776210784912,
    0.3840487003326416,
    0.3838246464729309,
    0.3808842897415161,
    0.37141624093055725,
    0.3814678490161896,
    0.3642926812171936,
    0.3644380271434784,
    0.35882455110549927,
    0.3721994161605835,
    0.36831578612327576,
    0.358186811208725,
    0.35189029574394226,
    0.34296953678131104,
    0.33888861536979675,
    0.3530762195587158,
    0.35390785336494446,
    0.34405627846717834,
    0.339212030172348,
    0.32665902376174927,
    0.33300143480300903,
    0.3247082531452179,
    0.317943274974823,
    0.30801570415496826,
    0.3052922487258911,
    0.3101142644882202,
    0.3105408549308777,
    0.29076212644577026,
    0.30441322922706604,
    0.30182603001594543,
    0.2970508933067322
  ],
  "train_acc": [
    53.333333333333336,
    72.33333333333333,
    95.33333333333333,
    100.0,
    100.0,
    100.0,
    100.0,
    100.0,
    100.0,
    100.0,
    100.0,
    100.0,
    100.0,
    100.0,
    100.0,
    100.0,
    100.0,
    100.0,
    100.0,
    100.0,
    100.0,
    100.0,
    100.0,
    100.0,
    100.0,
    100.0,
    99.66666666666667,
    99.66666666666667,
    99.66666666666667,
    99.66666666666667,
    99.66666666666667,
    99.66666666666667,
    99.66666666666667,
    99.66666666666667,
    100.0,
    100.0,
    100.0,
    100.0,
    100.0,
    100.0,
    100.0,
    100.0,
    100.0,
    100.0,
    100.0,
    100.0,
    100.0,
    100.0,
    100.0,
    100.0
  ],
  "test_acc": [
    54.666666666666664,
    74.66666666666667,
    97.0,
    100.0,
    100.0,
    100.0,
    100.0,
    100.0,
    100.0,
    100.0,
    100.0,
    100.0,
    100.0,
    100.0,
    100.0,
    100.0,
    100.0,
    100.0,
    100.0,
    100.0,
    100.0,
    100.0,
    100.0,
    100.0,
    100.0,
    100.0,
    100.0,
    99.66666666666667,
    99.66666666666667,
    99.66666666666667,
    99.66666666666667,
    100.0,
    100.0,
    100.0,
    100.0,
    100.0,
    100.0,
    100.0,
    100.0,
    100.0,
    100.0,
    100.0,
    100.0,
    100.0,
    100.0,
    100.0,
    100.0,
    100.0,
    100.0,
    100.0
  ]
}