{"generalization_error": {"pca_nqe": [[0.08929730788389091, 0.10511518286473627, 0.09930888439971933, 0.09528063712089167, 0.09260561055057927, 0.09075272037733007, 0.08941152616106393, 0.08840300132003424, 0.08761978326397654], [0.0, 0.0, 0.0, 0.0, 0.0, 0.0, 0.0, 0.0, 0.0], [0.0, 0.0, 0.0, 0.0, 0.029279352238433583, 0.06376948800234784, 0.07259395363044732, 0.07644491308601048, 0.0784764375087468], [0.0, 0.0, 0.0, 0.0, 0.0, 0.0, 0.0, 0.0, 0.0], [0.0, 0.0, 0.0, 0.0, 0.0, 0.0, 0.0, 0.05961971048740738, 0.07151682681467877]], "nqe": [[0.08185952659610117, 0.08179452750536507, 0.08173572216874142, 0.0816788627566798, 0.08162291507211629, 0.08156748898255363, 0.08151240219012279, 0.08145755791767918, 0.0814029001621613], [0.08279442802622825, 0.08281423941859335, 0.08271537503770236, 0.08261796761195081, 0.08252676267087275, 0.08244104861301102, 0.08235981423528384, 0.08228222336399886, 0.08220762431504203], [0.08208865857787044, 0.08207762098318053, 0.08201258643415109, 0.08194766988620042, 0.08188494267827894, 0.081824005235256, 0.08176440238600449, 0.08170580131799018, 0.08164796942343229], [0.08283928090880438, 0.08276077088260934, 0.08264446443093244, 0.08254352166466522, 0.08245291701913487, 0.0823692429716991, 0.08229050768486453, 0.08221547288122871, 0.08214331713783928], [0.08203157668145203, 0.08190829149982168, 0.08183333367510566, 0.08176898650357665, 0.08170863348134637, 0.08165025529114403, 0.08159302705310868, 0.0815365451108193, 0.08148058652780633]], "without_nqe": [[0.0, 0.0, 0.0, 0.0, 0.0, 0.0, 0.0, 0.0, 0.0777147807773663], [0.0, 0.0, 0.0, 0.0, 0.0, 0.0, 0.0, 0.0, 0.0], [0.0, 0.0, 0.0, 0.0, 0.0, 0.0, 0.0, 0.0, 0.0], [0.0, 0.0, 0.0, 0.0, 0.0, 0.0, 0.0, 0.0, 0.0], [0.0, 0.0, 0.0, 0.0, 0.0, 0.0, 0.0, 0.0, 0.0]]}, "config": {"dataset": "mnist", "use_merlin": true, "batch_size": 100, "num_epochs_training_embedding": 50, "lr": 0.01, "distance": "Trace", "samples_per_class": 150, "num_repetitions": 5, "weights": [0.1, 0.2, 0.3, 0.4, 0.5, 0.6, 0.7, 0.8, 0.9]}}