{"generalization_error": {"pca_nqe": [[0.11546648124687542, 0.08703983975405784, 0.07367201161703828, 0.0659987667516296, 0.061118161671437014, 0.057801871820997455, 0.05543892018941059, 0.05369272863272731, 0.052364061016945206], [0.10271640982804055, 0.07280321470781556, 0.061617243418871405, 0.05610819754632238, 0.05297274619590647, 0.05101203821670533, 0.04970033080863691, 0.04877676297836435, 0.048099800173708344], [0.10207578411825105, 0.0756455991663677, 0.06540831347777087, 0.06007039161964006, 0.056832551844475644, 0.05467539581684227, 0.05314285497776604, 0.05200185450846329, 0.051121488858481105], [0.08961480791071975, 0.06476775434187672, 0.05636762670433935, 0.05246555179345614, 0.05032384456219418, 0.04901576511993978, 0.048154417918907275, 0.04755447508321307, 0.04711793743261158], [0.12192354509225538, 0.0876418474118875, 0.07251989761771942, 0.06427490431082823, 0.05924677408398658, 0.055947833038140826, 0.05366552963565306, 0.052020674280081385, 0.050795731816141894]], "nqe": [[0.044750286322738586, 0.04473874001608322, 0.044728756288337286, 0.044719229457923136, 0.044709910756792724, 0.04470070787219753, 0.044691577438042876, 0.044682496016788864, 0.04467344971170877], [0.04474892978272773, 0.04473827171587524, 0.044728705599383335, 0.04471941960010036, 0.04471025567332958, 0.044701159423944974, 0.04469210611545078, 0.04468308251900946, 0.04467408078989306], [0.044759436230877886, 0.044746182341398356, 0.044735884999365455, 0.04472628223461088, 0.044716951493332636, 0.04470775675132901, 0.04469864057183027, 0.04468957440552498, 0.04468054243700374], [0.0447516679713766, 0.0447380561632397, 0.04472751868840041, 0.044717814717238465, 0.044708446549803126, 0.044699243010533185, 0.044690131036578984, 0.044681074901079795, 0.044672055379719765], [0.0447384532751896, 0.04472788782368268, 0.044718214769000376, 0.044708863914123834, 0.04469966956173142, 0.04469056279389762, 0.04468150989955191, 0.04467249262352661, 0.04466350033247166]], "without_nqe": [[0.3376892096860122, 0.28594515904709855, 0.2686674234596782, 0.25939568098927385, 0.253238406293884, 0.2486358668633699, 0.24493156416301667, 0.24179846603681712, 0.23905426285792805], [0.3956274341721345, 0.3292408997338663, 0.2940876791316293, 0.2721183119551711, 0.2570781103697644, 0.24610667974157738, 0.23770687814275074, 0.23102367877664792, 0.2255367832851249], [0.3104392934095574, 0.2565757723506647, 0.22967615079554377, 0.2122647451979739, 0.19961746384502338, 0.18981920832723512, 0.18191381020080122, 0.17535596934297307, 0.16980459349465385], [0.38012879581089676, 0.3220618997694914, 0.2984004656966243, 0.2838967687699026, 0.2733240329955611, 0.2648990250141263, 0.2578318002391477, 0.2517095189865683, 0.24629004010528685], [0.6500310731507194, 0.49318411457578115, 0.4170880984781558, 0.37049218620062996, 0.3385842604860733, 0.3152025520528502, 0.297254162548743, 0.28299486820246894, 0.27135920789232043]]}, "config": {"dataset": "mnist", "use_merlin": true, "batch_size": 100, "num_epochs_training_embedding": 1000, "lr": 0.01, "distance": "Trace", "samples_per_class": 500, "num_repetitions": 5, "weights": [0.1, 0.2, 0.30000000000000004, 0.4, 0.5, 0.6000000000000001, 0.7000000000000001, 0.8, 0.9]}}