date,log_return
1990-01-03,-0.0025888877
1990-01-04,-0.0086502961
1990-01-05,-0.0098041417
1990-01-08,0.0045043102
1990-01-09,-0.0118567045
1990-01-10,-0.0066290906
1990-01-11,0.0035065604
1990-01-12,-0.0249846137
1990-01-15,-0.0086567622
1990-01-16,0.0110661402
1990-01-17,-0.0098799186
1990-01-18,0.0023387229
1990-01-19,0.0028345945
1990-01-22,-0.0261989475
1990-01-23,0.0037160135
1990-01-24,-0.0040792828
1990-01-25,-0.0127375437
1990-01-26,-0.0008590502
1990-01-29,-0.0018432435
1990-01-30,-0.0068499794
1990-01-31,0.0187104057
1990-02-01,-0.0008815664
1990-02-02,0.0064574198
1990-02-05,0.0028063831
1990-02-06,-0.0066212466
1990-02-07,0.0123303783
1990-02-08,-0.0023698727
1990-02-09,0.0019802691
1990-02-12,-0.0106675974
1990-02-13,0.0028437547
1990-02-14,0.0029863550
1990-02-15,0.0086370451
1990-02-16,-0.0065008643
1990-02-20,-0.0143182088
1990-02-21,-0.0009760450
1990-02-22,-0.0060302956
1990-02-23,-0.0047703970
1990-02-26,0.0138478959
1990-02-27,0.0048260039
1990-02-28,0.0049233802
1990-03-01,0.0025577420
1990-03-02,0.0083798249
1990-03-05,-0.0053789824
1990-03-06,0.0124765343
1990-03-07,-0.0029041641
1990-03-08,0.0098048002
1990-03-09,-0.0069006361
1990-03-12,0.0021874698
1990-03-13,-0.0079150616
1990-03-14,0.0025859248
1990-03-15,0.0035559115
1990-03-16,0.0112945589
1990-03-19,0.0047268853
1990-03-20,-0.0057217831
1990-03-21,-0.0053720670
1990-03-22,-0.0119924681
1990-03-23,0.0045474177
1990-03-26,0.0012150958
1990-03-27,0.0113970432
1990-03-28,0.0014630581
1990-03-29,-0.0035442602
1990-03-30,-0.0024973382
1990-04-02,-0.0036543428
1990-04-03,0.0144798445
1990-04-04,-0.0074482791
1990-04-05,-0.0010559543
1990-04-06,-0.0019095625
1990-04-09,0.0037860742
1990-04-10,0.0020484972
1990-04-11,-0.0004385851
1990-04-12,0.0070526999
1990-04-16,0.0011609507
1990-04-17,-0.0001740523
1990-04-18,-0.0115553999
1990-04-19,-0.0077489078
1990-04-20,-0.0088234593
1990-04-23,-0.0122192776
1990-04-24,-0.0020864599
1990-04-25,0.0050423980
1990-04-26,0.0026769386
1990-04-27,-0.0115102643
1990-04-30,0.0051219294
1990-05-01,0.0043737713
1990-05-02,0.0066894223
1990-05-03,0.0032534804
1990-05-04,0.0083685195
1990-05-07,0.0063041041
1990-05-08,0.0043367811
1990-05-09,0.0024821529
1990-05-10,0.0027961281
1990-05-11,0.0235128897
1990-05-14,0.0077821404
1990-05-15,-0.0013257585
1990-05-16,-0.0007906444
1990-05-17,0.0013268065
1990-05-18,0.0004795121
1990-05-21,0.0094297547
1990-05-22,0.0012003761
1990-05-23,0.0023965231
1990-05-24,-0.0024522929
1990-05-25,-0.0107436401
1990-05-29,0.0169739894
1990-05-30,0.0005820889
1990-05-31,0.0010248741
1990-06-01,0.0053286136
1990-06-04,0.0116076376
1990-06-05,-0.0020706760
1990-06-06,-0.0045927450
1990-06-07,-0.0049717799
1990-06-08,-0.0123017165
1990-06-11,0.0081073644
1990-06-12,0.0126945572
1990-06-13,-0.0036928336
1990-06-14,-0.0054960293
1990-06-15,0.0000275823
1990-06-18,-0.0167552752
1990-06-19,0.0044453734
1990-06-20,0.0017559403
1990-06-21,0.0038078207
1990-06-22,-0.0140804354
1990-06-25,-0.0088168406
1990-06-26,-0.0007098542
1990-06-27,0.0087105105
1990-06-28,0.0069868269
1990-06-29,0.0010898740
1990-07-02,0.0042366403
1990-07-03,0.0017229269
1990-07-05,-0.0125169577
1990-07-06,0.0076740910
1990-07-09,0.0030642573
1990-07-10,-0.0084636163
1990-07-11,0.0132087434
1990-07-12,0.0115872087
1990-07-13,0.0051040578
1990-07-16,0.0044549951
1990-07-17,-0.0038834575
1990-07-18,-0.0090196250
1990-07-19,0.0030156179
1990-07-20,-0.0102074594
1990-07-23,-0.0175756015
1990-07-24,0.0013500522
1990-07-25,0.0036471474
1990-07-26,-0.0033099404
1990-07-27,-0.0069641536
1990-07-30,0.0059521054
1990-07-31,0.0016861213
1990-08-01,-0.0017704977
1990-08-02,-0.0114286337
1990-08-03,-0.0190143468
1990-08-06,-0.0307109269
1990-08-07,0.0011953320
1990-08-08,0.0104579805
1990-08-09,0.0046882579
1990-08-10,-0.0130876042
1990-08-13,0.0098464743
1990-08-14,0.0016219230
1990-08-15,0.0019721337
1990-08-16,-0.0228130431
1990-08-17,-0.0138138820
1990-08-20,0.0020721682
1990-08-21,-0.0204506857
1990-08-22,-0.0166354545
1990-08-23,-0.0304380081
1990-08-24,0.0143883115
1990-08-27,0.0313794369
1990-08-28,-0.0003111674
1990-08-29,0.0088300300
1990-08-30,-0.0170481996
1990-08-31,0.0120075863
1990-09-04,0.0016417530
1990-09-05,0.0040156299
1990-09-06,-0.0121891039
1990-09-07,0.0091324914
1990-09-10,-0.0054880966
1990-09-11,-0.0018360791
1990-09-12,0.0046614335
1990-09-13,-0.0121338834
1990-09-14,-0.0057279926
1990-09-17,0.0029625060
1990-09-18,0.0026086006
1990-09-19,-0.0062972499
1990-09-20,-0.0163040007
1990-09-21,-0.0005138204
1990-09-24,-0.0218547477
1990-09-25,0.0119770164
1990-09-26,-0.0104351438
1990-09-27,-0.0134978745
1990-09-28,0.0167378513
1990-10-01,0.0286337048
1990-10-02,0.0008569040
1990-10-03,-0.0121608165
1990-10-04,0.0041340524
1990-10-05,-0.0038129540
1990-10-08,0.0063362590
1990-10-09,-0.0270959855
1990-10-10,-0.0155579326
1990-10-11,-0.0165482442
1990-10-12,0.0153490306
1990-10-15,0.0106091641
1990-10-16,-0.0143156057
1990-10-17,-0.0005354158
1990-10-18,0.0230944275
1990-10-19,0.0218054667
1990-10-22,0.0072699724
1990-10-23,-0.0076541528
1990-10-24,0.0007681156
1990-10-25,-0.0078038600
1990-10-26,-0.0177601010
1990-10-29,-0.0093308730
1990-10-30,0.0071954387
1990-10-31,-0.0001973409
1990-11-01,0.0098851549
1990-11-02,0.0156094663
1990-11-05,0.0087478695
1990-11-06,-0.0094857110
1990-11-07,-0.0181666681
1990-11-08,0.0052148862
1990-11-09,0.0197318871
1990-11-12,0.0181301221
1990-11-13,-0.0056815581
1990-11-14,0.0085570458
1990-11-15,-0.0106053674
1990-11-16,0.0003154070
1990-11-19,0.0069761187
1990-11-20,-0.0127000803
1990-11-21,0.0022808678
1990-11-23,-0.0029470738
1990-11-26,0.0044647994
1990-11-27,0.0050109504
1990-11-28,-0.0004716418
1990-11-29,-0.0048236886
1990-11-30,0.0181640584
1990-12-03,0.0058175831
1990-12-04,0.0069183148
1990-12-05,0.0108797977
1990-12-06,-0.0025797252
1990-12-07,-0.0040193937
1990-12-10,0.0034722702
1990-12-11,-0.0074772208
1990-12-12,0.0114220817
1990-12-13,-0.0025776131
1990-12-14,-0.0076810576
1990-12-17,-0.0024508876
1990-12-18,0.0122854257
1990-12-19,0.0004544473
1990-12-20,-0.0002423585
1990-12-21,0.0049254633
1990-12-24,-0.0055921135
1990-12-26,0.0028755592
1990-12-27,-0.0077677288
1990-12-28,0.0013089382
1990-12-31,0.0045527744
1991-01-02,-0.0114822677
1991-01-03,-0.0140048203
1991-01-04,-0.0028308916
1991-01-07,-0.0174726258
1991-01-08,-0.0017133886
1991-01-09,-0.0108879051
1991-01-10,0.0097122536
1991-01-11,0.0022231088
1991-01-14,-0.0087301286
1991-01-15,0.0039603410
1991-01-16,0.0077473077
1991-01-17,0.0366420584
1991-01-18,0.0129053887
1991-01-21,-0.0035279128
1991-01-22,-0.0083413439
1991-01-23,0.0057705133
1991-01-24,0.0137448062
1991-01-25,0.0038458974
1991-01-28,-0.0001190553
1991-01-29,-0.0005655929
1991-01-30,0.0149836784
1991-01-31,0.0088196034
1991-02-01,-0.0025619534
1991-02-04,0.0153028302
1991-02-05,0.0083477140
1991-02-06,0.0192018007
1991-02-07,-0.0043382100
1991-02-08,0.0079065525
1991-02-11,0.0253608871
1991-02-12,-0.0083914688
1991-02-13,0.0095845342
1991-02-14,-0.0130927293
1991-02-15,0.0132011418
1991-02-19,0.0008938103
1991-02-20,-0.0115721543
1991-02-21,-0.0004657200
1991-02-22,0.0018614133
1991-02-25,0.0043934957
1991-02-26,-0.0121907962
1991-02-27,0.0134968656
1991-02-28,-0.0018235547
1991-03-01,0.0092198876
1991-03-04,-0.0030819561
1991-03-05,0.0198116922
1991-03-06,-0.0014610046
1991-03-07,-0.0006914418
1991-03-08,-0.0025570465
1991-03-11,-0.0053215639
1991-03-12,-0.0078870722
1991-03-13,0.0121946408
1991-03-14,-0.0028607164
1991-03-15,0.0002409250
1991-03-18,-0.0039694595
1991-03-19,-0.0149454228
1991-03-20,0.0036215124
1991-03-21,-0.0036488178
1991-03-22,0.0024521834
1991-03-25,0.0063744790
1991-03-26,0.0173432609
1991-03-27,-0.0025277249
1991-03-28,-0.0003464164
1991-04-01,-0.0105021956
1991-04-02,0.0218442685
1991-04-03,-0.0014767092
1991-04-04,0.0021878897
1991-04-05,-0.0116802509
1991-04-08,0.0087531881
1991-04-09,-0.0135600868
1991-04-10,-0.0010981605
1991-04-11,0.0119344260
1991-04-12,0.0073084214
1991-04-15,0.0020746303
1991-04-16,0.0167275208
1991-04-17,0.0072744857
1991-04-18,-0.0051097690
1991-04-19,-0.0110269003
1991-04-22,-0.0084951171
1991-04-23,0.0021239995
1991-04-24,0.0026160219
1991-04-25,-0.0092125682
1991-04-26,-0.0006066731
1991-04-29,-0.0142426423
1991-04-30,0.0044859693
1991-05-01,0.0131018699
1991-05-02,0.0006045674
1991-05-03,0.0007355614
1991-05-06,-0.0018925493
1991-05-07,-0.0072880684
1991-05-08,0.0031488652
1991-05-09,0.0124449993
1991-05-10,-0.0197901289
1991-05-13,0.0027110170
1991-05-14,-0.0137365922
1991-05-15,-0.0082411409
1991-05-16,0.0097738104
1991-05-17,0.0005372484
1991-05-20,-0.0002954755
1991-05-21,0.0082126842
1991-05-22,0.0022354011
1991-05-23,-0.0032750106
1991-05-24,0.0067247216
1991-05-28,0.0117194822
1991-05-29,0.0022230237
1991-05-30,0.0108347482
1991-05-31,0.0073894058
1991-06-03,-0.0045507517
1991-06-04,-0.0008249738
1991-06-05,-0.0068579230
1991-06-06,-0.0037985045
1991-06-07,-0.0110084519
1991-06-10,-0.0022690916
1991-06-11,0.0065295524
1991-06-12,-0.0116142100
1991-06-13,0.0025985351
1991-06-14,0.0122646120
1991-06-17,-0.0056661929
1991-06-18,-0.0040594967
1991-06-19,-0.0092878282
1991-06-20,0.0008794476
1991-06-21,0.0061871661
1991-06-24,-0.0181922701
1991-06-25,-0.0007821264
1991-06-26,0.0025328814
1991-06-27,0.0075336422
1991-06-28,-0.0086914819
1991-07-01,0.0180493222
1991-07-02,-0.0011914700
1991-07-03,-0.0110283875
1991-07-05,0.0020069313
1991-07-08,0.0102658169
1991-07-09,-0.0048538445
1991-07-10,-0.0009842260
1991-07-11,0.0032682231
1991-07-12,0.0086633192
1991-07-15,0.0056121374
1991-07-16,-0.0022253516
1991-07-17,-0.0009440316
1991-07-18,0.0109322138
1991-07-19,-0.0029885907
1991-07-22,-0.0034936715
1991-07-23,-0.0090778306
1991-07-24,-0.0020578820
1991-07-25,0.0061084360
1991-07-26,-0.0000787483
1991-07-29,0.0058109295
1991-07-30,0.0091968033
1991-07-31,0.0028921779
1991-08-01,-0.0017808128
1991-08-02,0.0001549724
1991-08-05,-0.0054905223
1991-08-06,0.0143360479
1991-08-07,-0.0001536075
1991-08-08,-0.0031799540
1991-08-09,-0.0056669365
1991-08-12,0.0023221465
1991-08-13,0.0041150362
1991-08-14,0.0007183877
1991-08-15,-0.0014630018
1991-08-16,-0.0096786192
1991-08-19,-0.0239102933
1991-08-20,0.0078317413
1991-08-21,0.0289882998
1991-08-22,0.0018927524
1991-08-23,0.0072311629
1991-08-26,-0.0008121807
1991-08-27,-0.0020078759
1991-08-28,0.0090668395
1991-08-29,-0.0004287260
1991-08-30,-0.0026266174
1991-09-03,-0.0083293578
1991-09-04,-0.0055745879
1991-09-05,-0.0021306025
1991-09-06,-0.0001028180
1991-09-09,-0.0013630431
1991-09-10,-0.0103735354
1991-09-11,0.0013772465
1991-09-12,0.0058257872
1991-09-13,-0.0097285865
1991-09-16,0.0056929913
1991-09-17,-0.0007260626
1991-09-18,0.0037284556
1991-09-19,0.0016010207
1991-09-20,0.0009284982
1991-09-23,-0.0051690385
1991-09-24,0.0046274866
1991-09-25,-0.0021430354
1991-09-26,-0.0010086108
1991-09-27,-0.0015277165
1991-09-30,0.0050661593
1991-10-01,0.0034489697
1991-10-02,-0.0024181382
1991-10-03,-0.0098094778
1991-10-04,-0.0084104377
1991-10-07,-0.0046007311
1991-10-08,0.0030782965
1991-10-09,-0.0102183830
1991-10-10,0.0099030323
1991-10-11,0.0023622699
1991-10-14,0.0130744360
1991-10-15,0.0116789116
1991-10-16,0.0045673853
1991-10-17,-0.0022427738
1991-10-18,0.0014787656
1991-10-21,-0.0063385455
1991-10-22,-0.0056309270
1991-10-23,0.0002836301
1991-10-24,-0.0074255398
1991-10-25,-0.0022618729
1991-10-28,0.0137519016
1991-10-29,0.0050192730
1991-10-30,0.0037733472
1991-10-31,-0.0012986321
1991-11-01,-0.0028835134
1991-11-04,-0.0026612312
1991-11-05,-0.0040308848
1991-11-06,0.0032362739
1991-11-07,0.0095701836
1991-11-08,-0.0021102881
1991-11-11,0.0005851846
1991-11-12,0.0091662333
1991-11-13,0.0016873729
1991-11-14,-0.0006544749
1991-11-15,-0.0372717109
1991-11-18,0.0068241745
1991-11-19,-0.0152226850
1991-11-20,-0.0023484796
1991-11-21,0.0040338018
1991-11-22,-0.0103676751
1991-11-25,-0.0021291814
1991-11-26,0.0069560752
1991-11-27,-0.0037375392
1991-11-29,-0.0035382843
1991-12-02,0.0163361533
1991-12-03,-0.0011543169
1991-12-04,-0.0023388948
1991-12-05,-0.0070762912
1991-12-06,0.0045208643
1991-12-09,-0.0022182229
1991-12-10,-0.0009522215
1991-12-11,-0.0005293322
1991-12-12,0.0101416097
1991-12-13,0.0076238939
1991-12-16,-0.0000260356
1991-12-17,-0.0044838481
1991-12-18,0.0019316149
1991-12-19,-0.0025065861
1991-12-20,0.0117471582
1991-12-23,0.0249547269
1991-12-24,0.0063053133
1991-12-26,0.0137038092
1991-12-27,0.0039935839
1991-12-30,0.0211303459
1991-12-31,0.0046861690
1992-01-02,0.0004075350
1992-01-03,0.0049724859
1992-01-06,-0.0032963243
1992-01-07,-0.0013407337
1992-01-08,0.0016756729
1992-01-09,-0.0011727054
1992-01-10,-0.0060284778
1992-01-13,-0.0018325858
1992-01-14,0.0146149038
1992-01-15,0.0007845522
1992-01-16,-0.0061026617
1992-01-17,0.0015530220
1992-01-20,-0.0059864648
1992-01-21,-0.0089746578
1992-01-22,0.0132168230
1992-01-23,-0.0076102912
1992-01-24,0.0012523954
1992-01-27,-0.0011801048
1992-01-28,-0.0000722906
1992-01-29,-0.0111960340
1992-01-30,0.0031145064
1992-01-31,-0.0069234708
1992-02-03,0.0018330467
1992-02-04,0.0104934464
1992-02-05,-0.0000241872
1992-02-06,-0.0000483025
1992-02-07,-0.0066189547
1992-02-10,0.0064980776
1992-02-11,-0.0000241182
1992-02-12,0.0081118163
1992-02-13,-0.0082810285
1992-02-14,-0.0029291606
1992-02-18,-0.0124413236
1992-02-19,0.0021578275
1992-02-20,0.0137201337
1992-02-21,-0.0059855055
1992-02-24,0.0020395694
1992-02-25,-0.0044242993
1992-02-26,0.0118674044
1992-02-27,-0.0035938360
1992-02-28,-0.0028067507
1992-03-02,-0.0006059504
1992-03-03,0.0009693297
1992-03-04,-0.0085627018
1992-03-05,-0.0069130909
1992-03-06,-0.0051051527
1992-03-09,0.0019020299
1992-03-10,0.0041374845
1992-03-11,-0.0070537850
1992-03-12,-0.0003465297
1992-03-13,0.0048163843
1992-03-16,0.0013543415
1992-03-17,0.0078188859
1992-03-18,-0.0010503896
1992-03-19,0.0015873840
1992-03-20,0.0036536395
1992-03-23,-0.0033852132
1992-03-24,-0.0025159059
1992-03-25,-0.0033317421
1992-03-26,0.0008339581
1992-03-27,-0.0107474546
1992-03-30,-0.0012399258
1992-03-31,0.0017107008
1992-04-01,0.0013367873
1992-04-02,-0.0092702836
1992-04-03,0.0026182617
1992-04-06,0.0100107599
1992-04-07,-0.0187400466
1992-04-08,-0.0089836013
1992-04-09,0.0154441647
1992-04-10,0.0090691583
1992-04-13,0.0044176881
1992-04-14,0.0154193876
1992-04-15,0.0093885688
1992-04-16,-0.0005766778
1992-04-20,-0.0141853601
1992-04-21,0.0001950590
1992-04-22,-0.0010974972
1992-04-23,0.0043583871
1992-04-24,-0.0062879910
1992-04-27,-0.0013944901
1992-04-28,0.0016144951
1992-04-29,0.0070878325
1992-04-30,0.0070861953
1992-05-01,-0.0058491330
1992-05-04,0.0105614525
1992-05-05,-0.0001679336
1992-05-06,-0.0001199280
1992-05-07,-0.0022578853
1992-05-08,0.0004807830
1992-05-11,0.0058475554
1992-05-12,-0.0052708181
1992-05-13,0.0003842824
1992-05-14,-0.0079798817
1992-05-15,-0.0074099152
1992-05-18,0.0066107939
1992-05-19,0.0085868435
1992-05-20,-0.0023564031
1992-05-21,-0.0067392578
1992-05-22,0.0034356399
1992-05-26,-0.0063239622
1992-05-27,0.0018456251
1992-05-28,0.0110265845
1992-05-29,-0.0033409497
1992-06-01,0.0046838054
1992-06-02,-0.0091478439
1992-06-03,0.0026325568
1992-06-04,-0.0032131128
1992-06-05,0.0005322138
1992-06-08,-0.0002903237
1992-06-09,-0.0080153640
1992-06-10,-0.0068762370
1992-06-11,0.0044101206
1992-06-12,0.0017342782
1992-06-15,0.0012926013
1992-06-16,-0.0048130489
1992-06-17,-0.0149525287
1992-06-18,-0.0032370196
1992-06-19,0.0067360954
1992-06-22,-0.0006691354
1992-06-23,0.0015852937
1992-06-24,-0.0004951533
1992-06-25,-0.0017844786
1992-06-26,0.0008183223
1992-06-29,0.0135158574
1992-06-30,-0.0019581633
1992-07-01,0.0115467170
1992-07-02,-0.0026920913
1992-07-06,0.0050145025
1992-07-07,-0.0113731303
1992-07-08,0.0027335639
1992-07-09,0.0095815512
1992-07-10,0.0009410247
1992-07-13,0.0006027800
1992-07-14,0.0067503652
1992-07-15,-0.0013895557
1992-07-16,0.0010543527
1992-07-17,-0.0046089990
1992-07-20,-0.0045094428
1992-07-21,0.0000241925
1992-07-22,-0.0068632533
1992-07-23,0.0027946068
1992-07-24,-0.0011654539
1992-07-27,-0.0001457773
1992-07-28,0.0144261795
1992-07-29,0.0112177943
1992-07-30,0.0039945746
1992-07-31,0.0006838056
1992-08-03,0.0020723071
1992-08-04,-0.0017187855
1992-08-05,-0.0051266616
1992-08-06,-0.0037969767
1992-08-07,-0.0040739843
1992-08-10,0.0012883421
1992-08-11,-0.0012406231
1992-08-12,-0.0026772381
1992-08-13,-0.0001196582
1992-08-14,0.0052050942
1992-08-17,0.0019746312
1992-08-18,0.0014250575
1992-08-19,-0.0075042195
1992-08-20,0.0001673915
1992-08-21,-0.0081862483
1992-08-24,-0.0100053037
1992-08-25,0.0021645434
1992-08-26,0.0046054581
1992-08-27,0.0000483387
1992-08-28,0.0031628346
1992-08-31,-0.0019544629
1992-09-01,0.0049151009
1992-09-02,0.0045800778
1992-09-03,0.0000000000
1992-09-04,-0.0021555930
1992-09-08,-0.0063498005
1992-09-09,0.0046220182
1992-09-10,0.0085854502
1992-09-11,-0.0008815067
1992-09-14,0.0134700566
1992-09-15,-0.0130173194
1992-09-16,0.0003573329
1992-09-17,0.0000237644
1992-09-18,0.0071186501
1992-09-21,-0.0018696161
1992-09-22,-0.0119151153
1992-09-23,0.0007188953
1992-09-24,0.0024643785
1992-09-25,-0.0098941637
1992-09-28,0.0054634816
1992-09-29,0.0004319375
1992-09-30,0.0023963588
1992-10-01,-0.0036206666
1992-10-02,-0.0140793057
1992-10-05,-0.0070901325
1992-10-06,-0.0009573849
1992-10-07,-0.0072218317
1992-10-08,0.0086207430
1992-10-09,-0.0125616990
1992-10-12,0.0118011461
1992-10-13,0.0045546651
1992-10-14,0.0001710270
1992-10-15,0.0005617080
1992-10-16,0.0051867328
1992-10-19,0.0078625314
1992-10-20,0.0012041520
1992-10-21,0.0004572037
1992-10-22,-0.0018541959
1992-10-23,-0.0019300073
1992-10-26,0.0097566379
1992-10-27,0.0007888283
1992-10-28,0.0039112274
1992-10-29,0.0017360032
1992-10-30,-0.0051933145
1992-11-02,0.0096741003
1992-11-03,-0.0067167389
1992-11-04,-0.0067143081
1992-11-05,0.0029445494
1992-11-06,-0.0018183797
1992-11-09,0.0024158013
1992-11-10,0.0000716637
1992-11-11,0.0085155888
1992-11-12,0.0015856273
1992-11-13,-0.0010410564
1992-11-16,-0.0041513030
1992-11-17,-0.0033573546
1992-11-18,0.0085024431
1992-11-19,0.0017956654
1992-11-20,0.0071508046
1992-11-23,-0.0035925202
1992-11-24,0.0057933134
1992-11-25,0.0037349330
1992-11-27,0.0022575240
1992-11-30,0.0027625987
1992-12-01,-0.0013223236
1992-12-02,-0.0020681200
1992-12-03,0.0000464969
1992-12-04,0.0049885689
1992-12-07,0.0074939535
1992-12-08,0.0038518738
1992-12-09,-0.0030711345
1992-12-10,-0.0023210187
1992-12-11,-0.0020958899
1992-12-14,-0.0020541098
1992-12-15,-0.0006239563
1992-12-16,-0.0024303460
1992-12-17,0.0090201978
1992-12-18,0.0133455601
1992-12-21,-0.0013151923
1992-12-22,-0.0008853808
1992-12-23,-0.0029112737
1992-12-24,0.0016840929
1992-12-28,-0.0014108115
1992-12-29,-0.0026677541
1992-12-30,0.0019160506
1992-12-31,-0.0071124581
1993-01-04,-0.0007576406
1993-01-05,-0.0023915951
1993-01-06,0.0004143192
1993-01-07,-0.0087604791
1993-01-08,-0.0039080354
1993-01-11,0.0044186686
1993-01-12,0.0002088106
1993-01-13,0.0046060938
1993-01-14,0.0066976180
1993-01-15,0.0027717469
1993-01-18,-0.0007093847
1993-01-19,-0.0039221387
1993-01-20,-0.0040529929
1993-01-21,0.0048799562
1993-01-22,0.0014226600
1993-01-25,0.0089030046
1993-01-26,-0.0001363643
1993-01-27,-0.0041911249
1993-01-28,0.0012546469
1993-01-29,0.0002735118
1993-02-01,0.0084874906
1993-02-02,0.0000677885
1993-02-03,0.0104525243
1993-02-04,0.0052633721
1993-02-05,-0.0014023640
1993-02-08,-0.0024085887
1993-02-09,-0.0056428183
1993-02-10,0.0020189886
1993-02-11,0.0031994851
1993-02-12,-0.0069040378
1993-02-16,-0.0242928383
1993-02-17,-0.0014068472
1993-02-18,-0.0032362347
1993-02-19,0.0053572551
1993-02-22,0.0023462597
1993-02-23,-0.0010114535
1993-02-24,0.0138639092
1993-02-25,0.0033287725
1993-02-26,0.0023483923
1993-03-01,-0.0030946728
1993-03-02,0.0132374512
1993-03-03,0.0030318269
1993-03-04,-0.0042828828
1993-03-05,-0.0027533982
1993-03-08,0.0190943088
1993-03-09,-0.0006819803
1993-03-10,0.0042383486
1993-03-11,-0.0057359322
1993-03-12,-0.0086105666
1993-03-15,0.0035506021
1993-03-16,-0.0001329144
1993-03-17,-0.0068024395
1993-03-18,0.0079538678
1993-03-19,-0.0037913333
1993-03-22,-0.0028918842
1993-03-23,-0.0002673569
1993-03-24,-0.0015387589
1993-03-25,0.0062517530
1993-03-26,-0.0068992019
1993-03-29,0.0066551696
1993-03-30,0.0026586014
1993-03-31,-0.0006639542
1993-04-01,-0.0030378542
1993-04-02,-0.0199851286
1993-04-05,0.0020369233
1993-04-06,-0.0025581651
1993-04-07,0.0035524985
1993-04-08,-0.0020123109
1993-04-12,0.0146709562
1993-04-13,0.0018939747
1993-04-14,-0.0012473774
1993-04-15,-0.0005796932
1993-04-16,0.0012035764
1993-04-19,-0.0033021248
1993-04-20,-0.0052881394
1993-04-21,-0.0033080970
1993-04-22,-0.0094442117
1993-04-23,-0.0055448412
1993-04-26,-0.0080177560
1993-04-27,0.0102576796
1993-04-28,0.0000227829
1993-04-29,0.0019842992
1993-04-30,0.0029576119
1993-05-03,0.0051435881
1993-05-04,0.0035870956
1993-05-05,0.0010578824
1993-05-06,-0.0028384962
1993-05-07,-0.0021455392
1993-05-10,0.0011071851
1993-05-11,0.0035168385
1993-05-12,0.0009897037
1993-05-13,-0.0126014966
1993-05-14,0.0007510021
1993-05-17,0.0018410505
1993-05-18,-0.0001135196
1993-05-19,0.0163312145
1993-05-20,0.0067248606
1993-05-21,-0.0105976919
1993-05-24,0.0048330974
1993-05-25,0.0018955374
1993-05-26,0.0101741921
1993-05-27,-0.0022741055
1993-05-28,-0.0049191351
1993-06-01,0.0080529277
1993-06-02,0.0000441114
1993-06-03,-0.0030011186
1993-06-04,-0.0053847401
1993-06-07,-0.0052798677
1993-06-08,-0.0066786689
1993-06-09,0.0024031889
1993-06-10,-0.0008976927
1993-06-11,0.0042122415
1993-06-14,0.0010055795
1993-06-15,-0.0032215569
1993-06-16,0.0025959591
1993-06-17,0.0024777982
1993-06-18,-0.0108943174
1993-06-21,0.0057085413
1993-06-22,-0.0006501341
1993-06-23,-0.0061633951
1993-06-24,0.0077095328
1993-06-25,0.0021918798
1993-06-28,0.0094502898
1993-06-29,-0.0025705327
1993-06-30,-0.0003550824
1993-07-01,-0.0033572591
1993-07-02,-0.0071072707
1993-07-06,-0.0099406946
1993-07-07,0.0031664784
1993-07-08,0.0130348982
1993-07-09,-0.0011821118
1993-07-12,0.0019396625
1993-07-13,-0.0019842709
1993-07-14,0.0044312180
1993-07-15,-0.0019125667
1993-07-16,-0.0077544914
1993-07-19,0.0006279549
1993-07-20,0.0028656495
1993-07-21,-0.0002906793
1993-07-22,-0.0059886079
1993-07-23,0.0058097230
1993-07-26,0.0044410080
1993-07-27,-0.0018945235
1993-07-28,-0.0023452158
1993-07-29,0.0067971865
1993-07-30,-0.0046973724
1993-08-02,0.0044974672
1993-08-03,-0.0019568281
1993-08-04,-0.0016261361
1993-08-05,-0.0009145030
1993-08-06,0.0012265427
1993-08-09,0.0045363844
1993-08-10,-0.0028216667
1993-08-11,0.0022446237
1993-08-12,-0.0033354860
1993-08-13,0.0026249002
1993-08-16,0.0049638674
1993-08-17,0.0016565254
1993-08-18,0.0064014729
1993-08-19,0.0008547879
1993-08-20,-0.0005916984
1993-08-23,-0.0020408233
1993-08-24,0.0099235307
1993-08-25,0.0007827283
1993-08-26,0.0019757568
1993-08-27,-0.0010850931
1993-08-30,0.0029486716
1993-08-31,0.0035874170
1993-09-01,-0.0008848587
1993-09-02,-0.0040023984
1993-09-03,0.0000867262
1993-09-07,-0.0061314030
1993-09-08,-0.0040866675
1993-09-09,0.0018596649
1993-09-10,0.0091817647
1993-09-13,0.0007360981
1993-09-14,-0.0046856862
1993-09-15,0.0036896671
1993-09-16,-0.0047121537
1993-09-17,-0.0013068329
1993-09-20,-0.0082724656
1993-09-21,-0.0046255051
1993-09-22,0.0071495655
1993-09-23,0.0033699794
1993-09-24,-0.0002403080
1993-09-27,0.0090708625
1993-09-28,-0.0005848159
1993-09-29,-0.0030814951
1993-09-30,-0.0025678825
1993-10-01,0.0051075542
1993-10-04,0.0001300591
1993-10-05,-0.0003034755
1993-10-06,-0.0009979435
1993-10-07,-0.0033915973
1993-10-08,0.0024578961
1993-10-11,0.0012375458
1993-10-12,0.0005205862
1993-10-13,0.0008020619
1993-10-14,0.0115047729
1993-10-15,0.0057031617
1993-10-18,-0.0022389002
1993-10-19,-0.0047932404
1993-10-20,-0.0003003049
1993-10-21,-0.0015245850
1993-10-22,-0.0045012544
1993-10-25,0.0020055064
1993-10-26,0.0002153486
1993-10-27,0.0006674437
1993-10-28,0.0066929174
1993-10-29,0.0002137235
1993-11-01,0.0027110250
1993-11-02,-0.0014079480
1993-11-03,-0.0116378044
1993-11-04,-0.0120152208
1993-11-05,0.0045362804
1993-11-08,0.0013916029
1993-11-09,0.0002607059
1993-11-10,0.0073373300
1993-11-11,-0.0023316789
1993-11-12,0.0059265497
1993-11-15,-0.0035301813
1993-11-16,0.0064267226
1993-11-17,-0.0041436218
1993-11-18,-0.0025634740
1993-11-19,-0.0022024777
1993-11-22,-0.0075293580
1993-11-23,0.0041297092
1993-11-24,0.0028806626
1993-11-26,0.0015128533
1993-11-29,-0.0025082258
1993-11-30,-0.0002381434
1993-12-01,0.0002165384
1993-12-02,0.0026377760
1993-12-03,0.0038362747
1993-12-06,0.0033070898
1993-12-07,0.0007072881
1993-12-08,-0.0010074514
1993-12-09,-0.0045353842
1993-12-10,-0.0005387293
1993-12-13,0.0038080132
1993-12-14,-0.0056850461
1993-12-15,-0.0026381272
1993-12-16,0.0032426151
1993-12-17,0.0065396450
1993-12-20,-0.0011370559
1993-12-21,-0.0011813744
1993-12-22,0.0043319309
1993-12-23,0.0001283782
1993-12-27,0.0067383478
1993-12-28,0.0008497130
1993-12-29,-0.0007647546
1993-12-30,-0.0041310336
1993-12-31,-0.0046840548
1994-01-03,-0.0021676596
1994-01-04,0.0031105153
1994-01-05,0.0014125535
1994-01-06,-0.0009200953
1994-01-07,0.0059337196
1994-01-10,0.0113631474
1994-01-11,-0.0024014845
1994-01-12,0.0000843795
1994-01-13,-0.0035916801
1994-01-14,0.0051510647
1994-01-17,-0.0033959090
1994-01-18,0.0020051977
1994-01-19,0.0001053983
1994-01-20,0.0014327139
1994-01-21,-0.0005475619
1994-01-24,-0.0058097323
1994-01-25,-0.0022271701
1994-01-26,0.0048299012
1994-01-27,0.0081031237
1994-01-28,0.0034528403
1994-01-31,0.0060605056
1994-02-01,-0.0041405140
1994-02-02,0.0049500005
1994-02-03,-0.0026799541
1994-02-04,-0.0229358074
1994-02-07,0.0041420499
1994-02-08,-0.0015061828
1994-02-09,0.0036447695
1994-02-10,-0.0081555011
1994-02-11,0.0026620966
1994-02-14,0.0001063755
1994-02-15,0.0048580908
1994-02-16,0.0005712825
1994-02-17,-0.0051955037
1994-02-18,-0.0056501411
1994-02-22,0.0080285562
1994-02-23,-0.0016345363
1994-02-24,-0.0137549473
1994-02-25,0.0038910920
1994-02-28,0.0022931768
1994-03-01,-0.0057966460
1994-03-02,0.0007963307
1994-03-03,-0.0038800415
1994-03-04,0.0037294152
1994-03-07,0.0046584390
1994-03-08,-0.0022084267
1994-03-09,0.0025296231
1994-03-10,-0.0067887252
1994-03-11,0.0054604013
1994-03-14,0.0020346584
1994-03-15,-0.0008133666
1994-03-16,0.0051472271
1994-03-17,0.0031478256
1994-03-18,0.0003397250
1994-03-21,-0.0053639741
1994-03-22,0.0005547171
1994-03-23,-0.0005547171
1994-03-24,-0.0089829038
1994-03-25,-0.0081520557
1994-03-28,-0.0012600462
1994-03-29,-0.0164829019
1994-03-30,-0.0154341409
1994-03-31,0.0004936526
1994-04-04,-0.0154859046
1994-04-05,0.0211231688
1994-04-06,-0.0005355574
1994-04-07,0.0062964335
1994-04-08,-0.0084189426
1994-04-11,0.0061763444
1994-04-12,-0.0051256749
1994-04-13,-0.0029312027
1994-04-14,0.0002688544
1994-04-15,-0.0004481765
1994-04-18,-0.0083723961
1994-04-19,0.0001808296
1994-04-20,-0.0013115142
1994-04-21,0.0152020341
1994-04-22,-0.0024543858
1994-04-25,0.0112847158
1994-04-26,-0.0018572080
1994-04-28,-0.0061489234
1994-04-29,0.0040221775
1994-05-02,0.0046684792
1994-05-03,0.0000220954
1994-05-04,-0.0028958242
1994-05-05,-0.0007529539
1994-05-06,-0.0079181853
1994-05-09,-0.0123577637
1994-05-10,0.0083077766
1994-05-11,-0.0101860476
1994-05-12,0.0051059932
1994-05-13,0.0008785202
1994-05-16,0.0007876745
1994-05-17,0.0109190554
1994-05-18,0.0095675598
1994-05-19,0.0061307607
1994-05-20,-0.0034233027
1994-05-23,-0.0037880527
1994-05-24,0.0035461879
1994-05-25,0.0033583937
1994-05-26,0.0015765303
1994-05-27,0.0005905336
1994-05-31,-0.0018165016
1994-06-01,0.0024723080
1994-06-02,0.0000436785
1994-06-03,0.0054043824
1994-06-06,-0.0027203203
1994-06-07,-0.0014611729
1994-06-08,-0.0025129077
1994-06-09,0.0017487606
1994-06-10,0.0017675980
1994-06-13,0.0009370380
1994-06-14,0.0070973613
1994-06-15,-0.0038137596
1994-06-16,0.0028616824
1994-06-17,-0.0075620875
1994-06-20,-0.0064994291
1994-06-21,-0.0091309044
1994-06-22,0.0038698455
1994-06-23,-0.0076657400
1994-06-24,-0.0153068599
1994-06-27,0.0101336878
1994-06-28,-0.0027759543
1994-06-29,0.0034911024
1994-06-30,-0.0075345482
1994-07-01,0.0043348484
1994-07-05,0.0003808842
1994-07-06,-0.0005377933
1994-07-07,0.0050306977
1994-07-08,0.0026059572
1994-07-11,-0.0033199087
1994-07-12,-0.0002455003
1994-07-13,0.0017397488
1994-07-14,0.0103754064
1994-07-15,0.0016527654
1994-07-18,0.0023312543
1994-07-19,-0.0029920731
1994-07-20,-0.0049919024
1994-07-21,0.0022339494
1994-07-22,0.0011040941
1994-07-25,0.0025128180
1994-07-26,-0.0019612277
1994-07-27,-0.0017440161
1994-07-28,0.0036832077
1994-07-29,0.0088110587
1994-08-01,0.0059830260
1994-08-02,-0.0009766209
1994-08-03,0.0019305971
1994-08-04,-0.0066315801
1994-08-05,-0.0028618521
1994-08-08,0.0017487126
1994-08-09,0.0000655131
1994-08-10,0.0051838986
1994-08-11,-0.0030896757
1994-08-12,0.0066462692
1994-08-15,-0.0015381600
1994-08-16,0.0081620739
1994-08-17,0.0003440273
1994-08-18,-0.0043087727
1994-08-19,0.0011004570
1994-08-22,-0.0029373355
1994-08-23,0.0047257997
1994-08-24,0.0096836221
1994-08-25,-0.0020275369
1994-08-26,0.0121460732
1994-08-29,0.0016659997
1994-08-30,0.0031136519
1994-08-31,-0.0012190869
1994-09-01,-0.0048910704
1994-09-02,-0.0046179187
1994-09-06,0.0018454587
1994-09-07,-0.0018454587
1994-09-08,0.0045545171
1994-09-09,-0.0105385370
1994-09-12,-0.0042166636
1994-09-13,0.0027846017
1994-09-14,0.0027554525
1994-09-15,0.0127385066
1994-09-16,-0.0076533040
1994-09-19,-0.0007218300
1994-09-20,-0.0160353268
1994-09-21,-0.0041089004
1994-09-22,-0.0004118267
1994-09-23,-0.0034746611
1994-09-26,0.0024986572
1994-09-27,0.0026655568
1994-09-28,0.0060201686
1994-09-29,-0.0056090369
1994-09-30,0.0010162739
1994-10-03,-0.0020985485
1994-10-04,-0.0156060352
1994-10-05,-0.0023565600
1994-10-06,-0.0025610552
1994-10-07,0.0060388978
1994-10-10,0.0086201824
1994-10-11,0.0145975363
1994-10-12,-0.0006872567
1994-10-13,0.0049718451
1994-10-14,0.0027964828
1994-10-17,-0.0002985196
1994-10-18,-0.0027759147
1994-10-19,0.0055867154
1994-10-20,-0.0073202394
1994-10-21,-0.0042071700
1994-10-24,-0.0087716677
1994-10-25,0.0015178723
1994-10-26,0.0023589176
1994-10-27,0.0069577348
1994-10-28,0.0168582417
1994-10-31,-0.0030016995
1994-11-01,-0.0083548911
1994-11-02,-0.0040858808
1994-11-03,0.0029965003
1994-11-04,-0.0121052121
1994-11-07,0.0017074809
1994-11-08,0.0055560195
1994-11-09,-0.0005370281
1994-11-10,-0.0022156000
1994-11-11,-0.0043594445
1994-11-14,0.0079492925
1994-11-15,-0.0021695687
1994-11-16,0.0012679233
1994-11-17,-0.0044124261
1994-11-18,-0.0045403652
1994-11-21,-0.0068930842
1994-11-22,-0.0180764102
1994-11-23,-0.0003555558
1994-11-25,0.0052315871
1994-11-28,0.0041259810
1994-11-29,0.0022214381
1994-11-30,-0.0032568542
1994-12-01,-0.0105694228
1994-12-02,0.0097094030
1994-12-05,0.0000441630
1994-12-06,-0.0004634047
1994-12-07,-0.0041576776
1994-12-08,-0.0128921771
1994-12-09,0.0033840515
1994-12-12,0.0056000275
1994-12-13,0.0015117334
1994-12-14,0.0106506384
1994-12-15,0.0008128992
1994-12-16,0.0075699740
1994-12-19,-0.0019416924
1994-12-20,-0.0017704676
1994-12-21,0.0054760732
1994-12-22,0.0001523074
1994-12-23,0.0003262475
1994-12-27,0.0057248659
1994-12-28,-0.0034874152
1994-12-29,0.0006724902
1994-12-30,-0.0041285192
1995-01-03,-0.0003484476
1995-01-04,0.0034789584
1995-01-05,-0.0008034203
1995-01-06,0.0007383040
1995-01-09,0.0003255394
1995-01-10,0.0018428122
1995-01-11,-0.0000432972
1995-01-12,-0.0000432991
1995-01-13,0.0093358587
1995-01-16,0.0072914283
1995-01-17,0.0014263607
1995-01-18,-0.0007235813
1995-01-19,-0.0058932531
1995-01-20,-0.0046580390
1995-01-23,0.0022351364
1995-01-24,0.0000858192
1995-01-25,0.0033858751
1995-01-26,0.0018808351
1995-01-27,0.0044103304
1995-01-30,-0.0040047020
1995-01-31,0.0040684742
1995-02-01,-0.0000425576
1995-02-02,0.0050679497
1995-02-03,0.0123182953
1995-02-06,0.0051886899
1995-02-07,-0.0006861419
1995-02-08,0.0007900310
1995-02-09,-0.0020803436
1995-02-10,0.0026412723
1995-02-13,0.0003945602
1995-02-14,0.0018668205
1995-02-15,0.0041154878
1995-02-16,0.0014023940
1995-02-17,-0.0067205249
1995-02-21,0.0015549040
1995-02-22,0.0048564476
1995-02-23,0.0037860831
1995-02-24,0.0024614517
1995-02-27,-0.0088484977
1995-02-28,0.0073723914
1995-03-01,-0.0035764667
1995-03-02,-0.0010712810
1995-03-03,0.0005976169
1995-03-06,0.0004325039
1995-03-07,-0.0072539915
1995-03-08,0.0021134615
1995-03-09,0.0000413723
1995-03-10,0.0131796005
1995-03-13,0.0009799320
1995-03-14,0.0057786533
1995-03-15,-0.0020512609
1995-03-16,0.0071509157
1995-03-17,0.0002219841
1995-03-20,0.0012504804
1995-03-21,-0.0021589930
1995-03-22,0.0012112283
1995-03-23,0.0005647300
1995-03-24,0.0100710817
1995-03-27,0.0044415082
1995-03-28,0.0013900939
1995-03-29,-0.0015491230
1995-03-30,-0.0017904274
1995-03-31,-0.0030111990
1995-04-03,0.0022742083
1995-04-04,0.0067322622
1995-04-05,0.0006529755
1995-04-06,0.0010082129
1995-04-07,0.0006716580
1995-04-10,0.0011643555
1995-04-11,-0.0029233651
1995-04-12,0.0032388981
1995-04-13,0.0040535229
1995-04-17,-0.0061062395
1995-04-18,-0.0015027383
1995-04-19,-0.0008907971
1995-04-20,0.0007325113
1995-04-21,0.0063129916
1995-04-24,0.0086158954
1995-04-25,-0.0015415550
1995-04-26,0.0010929342
1995-04-27,0.0017345668
1995-04-28,0.0022563061
1995-05-01,-0.0008746848
1995-05-02,0.0011659975
1995-05-03,0.0108564346
1995-05-04,0.0001152669
1995-05-05,-0.0008071473
1995-05-08,0.0073558427
1995-05-09,-0.0007637552
1995-05-10,0.0015268111
1995-05-11,0.0000190893
1995-05-12,0.0022477773
1995-05-15,0.0041584096
1995-05-16,0.0008523524
1995-05-17,-0.0021226911
1995-05-18,-0.0143125551
1995-05-19,-0.0007509163
1995-05-22,0.0085536593
1995-05-23,0.0093895661
1995-05-24,0.0000377573
1995-05-25,-0.0000377573
1995-05-26,-0.0093895661
1995-05-30,-0.0001337000
1995-05-31,0.0185817887
1995-06-01,0.0001686506
1995-06-02,-0.0018386130
1995-06-05,0.0057858731
1995-06-06,-0.0000933348
1995-06-07,-0.0045289274
1995-06-08,-0.0014641841
1995-06-09,-0.0083184764
1995-06-12,0.0055533707
1995-06-13,0.0096914013
1995-06-14,0.0007831704
1995-06-15,0.0012109362
1995-06-16,0.0050327827
1995-06-19,0.0099350224
1995-06-20,-0.0004402683
1995-06-21,-0.0018366153
1995-06-22,0.0129494105
1995-06-23,-0.0024709497
1995-06-26,-0.0102027085
1995-06-27,-0.0031291665
1995-06-28,0.0042311919
1995-06-29,-0.0015799845
1995-06-30,0.0016167351
1995-07-03,0.0042863980
1995-07-05,0.0003106555
1995-07-06,0.0122225912
1995-07-07,0.0042869134
1995-07-10,0.0014727675
1995-07-11,-0.0043346077
1995-07-12,0.0109531424
1995-07-13,0.0001960715
1995-07-14,-0.0019805435
1995-07-17,0.0050417546
1995-07-18,-0.0075990818
1995-07-19,-0.0134845595
1995-07-20,0.0046355018
1995-07-21,0.0001445448
1995-07-24,0.0054222331
1995-07-25,0.0079983442
1995-07-26,0.0009085335
1995-07-27,0.0064073513
1995-07-28,-0.0040597106
1995-07-31,-0.0015466721
1995-08-01,-0.0043148554
1995-08-02,-0.0015021405
1995-08-03,-0.0000894596
1995-08-04,0.0003399913
1995-08-07,0.0019482688
1995-08-08,0.0006425900
1995-08-09,-0.0012141643
1995-08-10,-0.0040459966
1995-08-11,-0.0042065692
1995-08-14,0.0083061068
1995-08-15,-0.0020924133
1995-08-16,0.0025031991
1995-08-17,-0.0016621709
1995-08-18,0.0003041251
1995-08-21,-0.0019690634
1995-08-22,0.0025232589
1995-08-23,-0.0042627271
1995-08-24,0.0005742102
1995-08-25,0.0047245043
1995-08-28,-0.0018764029
1995-08-29,0.0016978910
1995-08-30,0.0016414787
1995-08-31,0.0017100503
1995-09-01,0.0034822583
1995-09-05,0.0094085583
1995-09-06,0.0017554028
1995-09-07,0.0002104328
1995-09-08,0.0041821189
1995-09-11,0.0021454591
1995-09-12,0.0045201597
1995-09-13,0.0039124932
1995-09-14,0.0083277306
1995-09-15,-0.0004456190
1995-09-18,-0.0009946765
1995-09-19,0.0024507800
1995-09-20,0.0043895427
1995-09-21,-0.0064457672
1995-09-22,-0.0021807974
1995-09-25,0.0001375408
1995-09-26,-0.0006877881
1995-09-27,-0.0006365782
1995-09-28,0.0082783501
1995-09-29,-0.0024951683
1995-10-02,-0.0046135634
1995-10-03,0.0010653338
1995-10-04,-0.0014951862
1995-10-05,0.0019930154
1995-10-06,-0.0002403437
1995-10-09,-0.0070982073
1995-10-10,-0.0014706862
1995-10-11,0.0033535656
1995-10-12,0.0062619831
1995-10-13,0.0023981246
1995-10-16,-0.0025180877
1995-10-17,0.0064113192
1995-10-18,0.0011241048
1995-10-19,0.0054495494
1995-10-20,-0.0054154707
1995-10-23,-0.0040937941
1995-10-24,0.0025264276
1995-10-25,-0.0069631978
1995-10-26,-0.0099208024
1995-10-27,0.0051539201
1995-10-30,0.0061051615
1995-10-31,-0.0030049389
1995-11-01,0.0046666021
1995-11-02,0.0093702242
1995-11-03,0.0014403863
1995-11-06,-0.0035791923
1995-11-07,-0.0036432642
1995-11-08,0.0091509590
1995-11-09,0.0026160808
1995-11-10,-0.0009107053
1995-11-13,-0.0007088200
1995-11-14,-0.0050948575
1995-11-15,0.0078936289
1995-11-16,0.0056744965
1995-11-17,0.0045598168
1995-11-20,-0.0053805426
1995-11-21,0.0056637743
1995-11-22,-0.0030700915
1995-11-24,0.0026201377
1995-11-27,0.0022476458
1995-11-28,0.0084950539
1995-11-29,0.0019603206
1995-11-30,-0.0037427922
1995-12-01,0.0026559761
1995-12-04,0.0109777983
1995-12-05,0.0064969044
1995-12-06,0.0040392345
1995-12-07,-0.0064868749
1995-12-08,0.0021237759
1995-12-11,0.0032983685
1995-12-12,-0.0011951713
1995-12-13,0.0046917352
1995-12-14,-0.0077022520
1995-12-15,-0.0009405253
1995-12-18,-0.0155830797
1995-12-19,0.0084021617
1995-12-20,-0.0098369096
1995-12-21,0.0074809221
1995-12-22,0.0023887024
1995-12-26,0.0038327885
1995-12-27,0.0003744074
1995-12-28,-0.0006674548
1995-12-29,0.0029429680
1996-01-02,0.0077628645
1996-01-03,0.0009500856
1996-01-04,-0.0058433364
1996-01-05,-0.0016039896
1996-01-08,0.0028336198
1996-01-09,-0.0146756215
1996-01-10,-0.0181638562
1996-01-11,0.0070098975
1996-01-12,-0.0014611956
1996-01-15,-0.0033121544
1996-01-16,0.0142686860
1996-01-17,-0.0034079557
1996-01-18,0.0030791721
1996-01-19,0.0058849692
1996-01-22,0.0025627974
1996-01-23,-0.0009950276
1996-01-24,0.0116327314
1996-01-25,-0.0047373027
1996-01-26,0.0074112731
1996-01-29,0.0041738577
1996-01-30,0.0094551016
1996-01-31,0.0092721151
1996-02-01,0.0038290210
1996-02-02,-0.0041120595
1996-02-05,0.0087530458
1996-02-06,0.0076101883
1996-02-07,0.0055544178
1996-02-08,0.0094028482
1996-02-09,0.0004571452
1996-02-12,0.0077097665
1996-02-13,-0.0014221347
1996-02-14,-0.0074919126
1996-02-15,-0.0065192819
1996-02-16,-0.0051412826
1996-02-20,-0.0113764775
1996-02-21,0.0115616437
1996-02-22,0.0164660788
1996-02-23,0.0003339025
1996-02-26,-0.0131651104
1996-02-27,-0.0049626852
1996-02-28,-0.0038545087
1996-02-29,-0.0067228305
1996-03-01,0.0061332734
1996-03-04,0.0099446495
1996-03-05,0.0076228451
1996-03-06,-0.0057960203
1996-03-07,0.0025275154
1996-03-08,-0.0313120776
1996-03-11,0.0102394566
1996-03-12,-0.0045884814
1996-03-13,0.0022889868
1996-03-14,0.0036266588
1996-03-15,0.0008734268
1996-03-18,0.0173409878
1996-03-19,-0.0014720428
1996-03-20,-0.0026274293
1996-03-21,-0.0012161274
1996-03-22,0.0022003112
1996-03-25,-0.0008918813
1996-03-26,0.0044972759
1996-03-27,-0.0062371507
1996-03-28,0.0000462755
1996-03-29,-0.0053150560
1996-04-01,0.0126691820
1996-04-02,0.0023377260
1996-04-03,0.0009457345
1996-04-04,-0.0000305236
1996-04-08,-0.0178760169
1996-04-09,-0.0031870985
1996-04-10,-0.0136242141
1996-04-11,-0.0036689280
1996-04-12,0.0087232556
1996-04-15,0.0090369099
1996-04-16,0.0038990795
1996-04-17,-0.0052696972
1996-04-18,0.0031123102
1996-04-19,0.0022659196
1996-04-22,0.0043621021
1996-04-23,0.0056792573
1996-04-24,-0.0021663679
1996-04-25,0.0041441799
1996-04-26,0.0009033351
1996-04-29,0.0010705729
1996-04-30,0.0000153016
1996-05-01,0.0006266043
1996-05-02,-0.0172582976
1996-05-03,-0.0027237159
1996-05-06,-0.0012788239
1996-05-07,-0.0039872582
1996-05-08,0.0101479552
1996-05-09,0.0010385642
1996-05-10,0.0102503718
1996-05-13,0.0143424850
1996-05-14,0.0061637375
1996-05-15,-0.0002704583
1996-05-16,-0.0008569800
1996-05-17,0.0060880672
1996-05-20,0.0063187419
1996-05-21,-0.0005795553
1996-05-22,0.0083778716
1996-05-23,-0.0035734639
1996-05-24,0.0037061559
1996-05-28,-0.0092987171
1996-05-29,-0.0064171482
1996-05-30,0.0056284638
1996-05-31,-0.0038484215
1996-06-03,-0.0021544031
1996-06-04,0.0072823173
1996-06-05,0.0087047254
1996-06-06,-0.0080060999
1996-06-07,0.0004158953
1996-06-10,-0.0017094766
1996-06-11,-0.0017719845
1996-06-12,-0.0028805667
1996-06-13,-0.0016754359
1996-06-14,-0.0031039970
1996-06-17,-0.0010368104
1996-06-18,-0.0046713903
1996-06-19,-0.0001510182
1996-06-20,0.0002114007
1996-06-21,0.0071336123
1996-06-24,0.0030096059
1996-06-25,-0.0005533341
1996-06-26,-0.0061371007
1996-06-27,0.0062418213
1996-06-28,0.0031064066
1996-07-01,0.0077979763
1996-07-02,-0.0033642660
1996-07-03,-0.0017978488
1996-07-05,-0.0224999290
1996-07-08,-0.0074811025
1996-07-09,0.0033810771
1996-07-10,0.0019987611
1996-07-11,-0.0159637336
1996-07-12,0.0008050711
1996-07-15,-0.0256912927
1996-07-16,-0.0022731321
1996-07-17,0.0090302128
1996-07-18,0.0148558890
1996-07-19,-0.0075334597
1996-07-22,-0.0077956559
1996-07-23,-0.0109469686
1996-07-24,-0.0003509648
1996-07-25,0.0071870028
1996-07-26,0.0074661439
1996-07-29,-0.0078781776
1996-07-30,0.0068712002
1996-07-31,0.0073556881
1996-08-01,0.0156130943
1996-08-02,0.0190022870
1996-08-05,-0.0034172191
1996-08-06,0.0032511872
1996-08-07,0.0026836271
1996-08-08,-0.0023666056
1996-08-09,-0.0007398732
1996-08-12,0.0055277298
1996-08-13,-0.0084014570
1996-08-14,0.0027982254
1996-08-15,0.0003474081
1996-08-16,0.0044143418
1996-08-19,0.0020573748
1996-08-20,-0.0013360877
1996-08-21,-0.0009317911
1996-08-22,0.0083998029
1996-08-23,-0.0054570458
1996-08-26,-0.0047336487
1996-08-27,0.0037887099
1996-08-28,-0.0023888456
1996-08-29,-0.0112085835
1996-08-30,-0.0082634890
1996-09-03,0.0041784092
1996-09-04,0.0013584590
1996-09-05,-0.0094556208
1996-09-06,0.0095623970
1996-09-09,0.0122477992
1996-09-10,0.0000753072
1996-09-11,0.0052138316
1996-09-12,0.0057829035
1996-09-13,0.0138938731
1996-09-16,0.0050420805
1996-09-17,-0.0015216373
1996-09-18,-0.0021548249
1996-09-19,0.0022426729
1996-09-20,0.0058831425
1996-09-23,-0.0008009390
1996-09-24,-0.0012681315
1996-09-25,0.0003208769
1996-09-26,0.0000436954
1996-09-27,0.0004810570
1996-09-30,0.0016599902
1996-10-01,0.0025428483
1996-10-02,0.0071289843
1996-10-03,-0.0017738529
1996-10-04,0.0124513778
1996-10-07,0.0026765460
1996-10-08,-0.0038462307
1996-10-09,-0.0055819241
1996-10-10,-0.0030617840
1996-10-11,0.0086721938
1996-10-14,0.0041019926
1996-10-15,-0.0013796515
1996-10-16,0.0026154841
1996-10-17,0.0036559728
1996-10-18,0.0054027358
1996-10-21,-0.0013655978
1996-10-22,-0.0046313582
1996-10-23,0.0009902284
1996-10-24,-0.0070661231
1996-10-25,-0.0019526594
1996-10-28,-0.0052353510
1996-10-29,0.0060625171
1996-10-30,-0.0008556412
1996-10-31,0.0062154776
1996-11-01,-0.0021291099
1996-11-04,0.0041970440
1996-11-05,0.0104303721
1996-11-06,0.0145269726
1996-11-07,0.0042141822
1996-11-08,0.0043470045
1996-11-11,0.0014356945
1996-11-12,-0.0031612865
1996-11-13,0.0021496798
1996-11-14,0.0064757794
1996-11-15,0.0023617116
1996-11-18,-0.0008137249
1996-11-19,0.0069497618
1996-11-20,0.0024090275
1996-11-21,-0.0016143303
1996-11-22,0.0080188975
1996-11-25,0.0110245097
1996-11-26,-0.0014144277
1996-11-27,-0.0012707445
1996-11-29,0.0026719497
1996-12-02,-0.0006078595
1996-12-03,-0.0110045608
1996-12-04,-0.0042588738
1996-12-05,-0.0009667411
1996-12-06,-0.0064421972
1996-12-09,0.0136437018
1996-12-10,-0.0029653822
1996-12-11,-0.0091516261
1996-12-12,-0.0155510068
1996-12-13,-0.0009053503
1996-12-16,-0.0105684324
1996-12-17,0.0069937089
1996-12-18,0.0075467916
1996-12-19,0.0192519746
1996-12-20,0.0041615515
1996-12-23,-0.0026073357
1996-12-24,0.0054875752
1996-12-26,0.0063576256
1996-12-27,0.0012825128
1996-12-30,-0.0038923982
1996-12-31,-0.0175437035
1997-01-02,-0.0050481995
1997-01-03,0.0148416494
1997-01-06,-0.0005081366
1997-01-07,0.0074356134
1997-01-08,-0.0064196799
1997-01-09,0.0085681014
1997-01-10,0.0061413004
1997-01-13,0.0000131793
1997-01-14,0.0122353779
1997-01-15,-0.0021613398
1997-01-16,0.0033182473
1997-01-17,0.0083057595
1997-01-20,0.0006826448
1997-01-21,0.0077208045
1997-01-22,0.0044743500
1997-01-23,-0.0110885373
1997-01-24,-0.0090951714
1997-01-27,-0.0071636341
1997-01-28,0.0000000000
1997-01-29,0.0097300060
1997-01-30,0.0149938030
1997-01-31,0.0025344881
1997-02-03,0.0007247899
1997-02-04,0.0032107202
1997-02-05,-0.0140094157
1997-02-06,0.0023998459
1997-02-07,0.0119895850
1997-02-10,-0.0052444960
1997-02-11,0.0052825282
1997-02-12,0.0165544139
1997-02-13,0.0112103784
1997-02-14,-0.0041227323
1997-02-18,0.0096137397
1997-02-19,-0.0046660626
1997-02-20,-0.0119979927
1997-02-21,-0.0012837937
1997-02-24,0.0105580950
1997-02-25,0.0021574183
1997-02-26,-0.0078506891
1997-02-27,-0.0132564619
1997-02-28,-0.0053597792
1997-03-03,0.0056615816
1997-03-04,-0.0054972026
1997-03-05,0.0138613567
1997-03-06,-0.0042860241
1997-03-07,0.0079948706
1997-03-10,0.0107253549
1997-03-11,-0.0028430932
1997-03-12,-0.0087646227
1997-03-13,-0.0184467869
1997-03-14,0.0045617277
1997-03-17,0.0031972726
1997-03-18,-0.0076323864
1997-03-19,-0.0049382855
1997-03-20,-0.0039785251
1997-03-21,0.0018509036
1997-03-24,0.0086223800
1997-03-25,-0.0023038661
1997-03-26,0.0018106106
1997-03-27,-0.0212488275
1997-03-31,-0.0218950742
1997-04-01,0.0033229012
1997-04-02,-0.0126248132
1997-04-03,0.0002799490
1997-04-04,0.0100516911
1997-04-07,0.0055656682
1997-04-08,0.0052216578
1997-04-09,-0.0072312457
1997-04-10,-0.0029756941
1997-04-11,-0.0276623788
1997-04-14,0.0082085490
1997-04-15,0.0146687412
1997-04-16,0.0116056743
1997-04-17,-0.0023077565
1997-04-18,0.0059812720
1997-04-21,-0.0078208200
1997-04-22,0.0185545075
1997-04-23,-0.0012529899
1997-04-24,-0.0031848682
1997-04-25,-0.0075624292
1997-04-28,0.0098679586
1997-04-29,0.0269190870
1997-04-30,0.0091389437
1997-05-01,-0.0035127859
1997-05-02,0.0179215984
1997-05-05,0.0210808384
1997-05-06,-0.0030517418
1997-05-07,-0.0147747149
1997-05-08,0.0056728208
1997-05-09,0.0054953445
1997-05-12,0.0154955385
1997-05-13,-0.0054225599
1997-05-14,0.0034867343
1997-05-15,0.0069610595
1997-05-16,-0.0145130415
1997-05-19,0.0042332921
1997-05-20,0.0100183576
1997-05-21,-0.0027483466
1997-05-22,-0.0044059540
1997-05-23,0.0135143481
1997-05-27,0.0031589929
1997-05-28,-0.0029465169
1997-05-29,-0.0037013267
1997-05-30,0.0049635074
1997-06-02,-0.0022660208
1997-06-03,-0.0010402934
1997-06-04,-0.0063716721
1997-06-05,0.0039440841
1997-06-06,0.0171388635
1997-06-09,0.0056946013
1997-06-10,0.0027312524
1997-06-11,0.0049572255
1997-06-12,0.0158471961
1997-06-13,0.0110428675
1997-06-16,0.0007050307
1997-06-17,0.0005815050
1997-06-18,-0.0060107223
1997-06-19,0.0099941995
1997-06-20,0.0007903667
1997-06-23,-0.0225967990
1997-06-24,0.0199673460
1997-06-25,-0.0082338594
1997-06-26,-0.0059909780
1997-06-27,0.0040881322
1997-06-30,-0.0024372889
1997-07-01,0.0066322887
1997-07-02,0.0144844483
1997-07-03,0.0141576307
1997-07-07,-0.0051609311
1997-07-08,0.0071547729
1997-07-09,-0.0122764324
1997-07-10,0.0068522562
1997-07-11,0.0031685650
1997-07-14,0.0018528143
1997-07-15,0.0080037787
1997-07-16,0.0116306161
1997-07-17,-0.0053313920
1997-07-18,-0.0176623894
1997-07-21,-0.0025817034
1997-07-22,0.0227848401
1997-07-23,0.0027585818
1997-07-24,0.0039853747
1997-07-25,-0.0016071717
1997-07-28,-0.0024956454
1997-07-29,0.0062169163
1997-07-30,0.0105565277
1997-07-31,0.0021189765
1997-08-01,-0.0075416307
1997-08-04,0.0033307784
1997-08-05,0.0021758982
1997-08-06,0.0083129603
1997-08-07,-0.0095527350
1997-08-08,-0.0187300468
1997-08-11,0.0036994942
1997-08-12,-0.0112368255
1997-08-13,-0.0048795203
1997-08-14,0.0029781426
1997-08-15,-0.0262507232
1997-08-18,0.0128827599
1997-08-19,0.0147079285
1997-08-20,0.0143030765
1997-08-21,-0.0153403438
1997-08-22,-0.0016336885
1997-08-25,-0.0036665496
1997-08-26,-0.0077897312
1997-08-27,0.0007444958
1997-08-28,-0.0110380728
1997-08-29,-0.0046585622
1997-09-02,0.0307733942
1997-09-03,0.0003017810
1997-09-04,0.0032387839
1997-09-05,-0.0019570819
1997-09-08,0.0023115445
1997-09-09,0.0025954079
1997-09-10,-0.0157507001
1997-09-11,-0.0070320577
1997-09-12,0.0123278951
1997-09-15,-0.0044909752
1997-09-16,0.0277383024
1997-09-17,-0.0027956798
1997-09-18,0.0045389707
1997-09-19,0.0033934396
1997-09-22,0.0051628003
1997-09-23,-0.0036699983
1997-09-24,-0.0078570042
1997-09-25,-0.0069805239
1997-09-26,0.0077637067
1997-09-29,0.0085539627
1997-09-30,-0.0063768853
1997-10-01,0.0085457887
1997-10-02,0.0052718196
1997-10-03,0.0047468601
1997-10-06,0.0079062124
1997-10-07,0.0106657513
1997-10-08,-0.0094841363
1997-10-09,-0.0033120091
1997-10-10,-0.0037572450
1997-10-13,0.0011575700
1997-10-14,0.0022493573
1997-10-15,-0.0047108130
1997-10-16,-0.0109008205
1997-10-17,-0.0116774715
1997-10-20,0.0120542498
1997-10-21,0.0172939943
1997-10-22,-0.0039057115
1997-10-23,-0.0185501082
1997-10-24,-0.0095649878
1997-10-27,-0.0711274728
1997-10-28,0.0498869154
1997-10-29,-0.0029223138
1997-10-30,-0.0169848729
1997-10-31,0.0120333658
1997-11-03,0.0262961460
1997-11-04,0.0018832505
1997-11-05,0.0021236841
1997-11-06,-0.0050297910
1997-11-07,-0.0112783760
1997-11-10,-0.0069024041
1997-11-11,0.0028727973
1997-11-12,-0.0194788006
1997-11-13,0.0117414207
1997-11-14,0.0126721906
1997-11-17,0.0190451855
1997-11-18,-0.0084588754
1997-11-19,0.0067558987
1997-11-20,0.0151191999
1997-11-21,0.0042766940
1997-11-24,-0.0171963477
1997-11-25,0.0043742323
1997-11-26,0.0008620495
1997-11-28,0.0039432991
1997-12-01,0.0200714393
1997-12-02,-0.0031750412
1997-12-03,0.0052247052
1997-12-04,-0.0037644031
1997-12-05,0.0109256106
1997-12-08,-0.0014444228
1997-12-09,-0.0067308333
1997-12-10,-0.0061576506
1997-12-11,-0.0154310167
1997-12-12,-0.0016244445
1997-12-15,0.0104342601
1997-12-16,0.0048150566
1997-12-17,-0.0025858785
1997-12-18,-0.0106620931
1997-12-19,-0.0089586299
1997-12-22,0.0072823848
1997-12-23,-0.0153952494
1997-12-24,-0.0068703012
1997-12-26,0.0040232134
1997-12-29,0.0178752397
1997-12-30,0.0181796319
1997-12-31,-0.0004224391
1998-01-02,0.0047392086
1998-01-05,0.0020798316
1998-01-06,-0.0107942191
1998-01-07,-0.0026727912
1998-01-08,-0.0082810944
1998-01-09,-0.0301125723
1998-01-12,0.0123414919
1998-01-13,0.0136519524
1998-01-14,0.0060940759
1998-01-15,-0.0075550581
1998-01-16,0.0112748855
1998-01-20,0.0176179784
1998-01-21,-0.0079921818
1998-01-22,-0.0080358471
1998-01-23,-0.0056751855
1998-01-26,-0.0006685832
1998-01-27,0.0125341154
1998-01-28,0.0086721211
1998-01-29,0.0081815767
1998-01-30,-0.0053006945
1998-02-02,0.0211862177
1998-02-03,0.0047128579
1998-02-04,0.0008942565
1998-02-05,-0.0033426011
1998-02-06,0.0088493077
1998-02-09,-0.0017003086
1998-02-10,0.0081488511
1998-02-11,0.0009808634
1998-02-12,0.0040408096
1998-02-13,-0.0039623653
1998-02-17,0.0026139799
1998-02-18,0.0090712760
1998-02-19,-0.0036886089
1998-02-20,0.0057502805
1998-02-23,0.0037928520
1998-02-24,-0.0073282638
1998-02-25,0.0119029169
1998-02-26,0.0055174190
1998-02-27,0.0006386260
1998-03-02,-0.0015641238
1998-03-03,0.0041149053
1998-03-04,-0.0044681176
1998-03-05,-0.0117942446
1998-03-06,0.0197447442
1998-03-09,-0.0032067227
1998-03-10,0.0112825223
1998-03-11,0.0039573655
1998-03-12,0.0013562292
1998-03-13,-0.0012251956
1998-03-16,0.0099261799
1998-03-17,0.0010926711
1998-03-18,0.0046815770
1998-03-19,0.0038799739
1998-03-20,0.0086071561
1998-03-23,-0.0032897180
1998-03-24,0.0091768546
1998-03-25,-0.0033701828
1998-03-26,-0.0010260040
1998-03-27,-0.0048811770
1998-03-30,-0.0016810714
1998-03-31,0.0074248406
1998-04-01,0.0057921555
1998-04-02,0.0106456423
1998-04-03,0.0023988324
1998-04-06,-0.0011763809
1998-04-07,-0.0106055023
1998-04-08,-0.0071454936
1998-04-09,0.0081543983
1998-04-13,-0.0008828322
1998-04-14,0.0054461803
1998-04-15,0.0031944856
1998-04-16,-0.0100112643
1998-04-17,0.0130442406
1998-04-20,0.0008280504
1998-04-21,0.0026840816
1998-04-22,0.0034290108
1998-04-23,-0.0097418535
1998-04-24,-0.0104872221
1998-04-27,-0.0194679821
1998-04-28,-0.0013170206
1998-04-29,0.0087259158
1998-04-30,0.0155280838
1998-05-01,0.0082857937
1998-05-04,0.0009540018
1998-05-05,-0.0058724110
1998-05-06,-0.0095297610
1998-05-07,-0.0088907516
1998-05-08,0.0118007250
1998-05-11,-0.0013545365
1998-05-12,0.0082342984
1998-05-13,0.0027475875
1998-05-14,-0.0013325914
1998-05-15,-0.0077625067
1998-05-18,-0.0026281059
1998-05-19,0.0033404143
1998-05-20,0.0085615926
1998-05-21,-0.0039576036
1998-05-22,-0.0037481732
1998-05-26,-0.0149243195
1998-05-27,-0.0016375432
1998-05-28,0.0049044958
1998-05-29,-0.0061962980
1998-06-01,0.0001466992
1998-06-02,0.0020510860
1998-06-03,-0.0096418316
1998-06-04,0.0111134485
1998-06-05,0.0172323873
1998-06-08,0.0016684630
1998-06-09,0.0024081542
1998-06-10,-0.0054960753
1998-06-11,-0.0160413011
1998-06-12,0.0038843589
1998-06-15,-0.0200663546
1998-06-16,0.0097755155
1998-06-17,0.0177887955
1998-06-18,-0.0006686216
1998-06-19,-0.0051834451
1998-06-22,0.0023231400
1998-06-23,0.0146491391
1998-06-24,0.0118898515
1998-06-25,-0.0031827798
1998-06-26,0.0034651584
1998-06-29,0.0046573685
1998-06-30,-0.0040927427
1998-07-01,0.0128989631
1998-07-02,-0.0018649532
1998-07-06,0.0094715083
1998-07-07,-0.0023096320
1998-07-08,0.0100989816
1998-07-09,-0.0067270343
1998-07-10,0.0049678713
1998-07-13,0.0007383370
1998-07-14,0.0105773343
1998-07-15,-0.0023549656
1998-07-16,0.0077836000
1998-07-17,0.0023283962
1998-07-20,-0.0022355067
1998-07-21,-0.0162018468
1998-07-22,-0.0008500872
1998-07-23,-0.0211220976
1998-07-24,0.0009208734
1998-07-27,0.0056554107
1998-07-28,-0.0149552332
1998-07-29,-0.0044603407
1998-07-30,0.0156429464
1998-07-31,-0.0196858367
1998-08-03,-0.0073710116
1998-08-04,-0.0369177562
1998-08-05,0.0086462969
1998-08-06,0.0075539045
1998-08-07,-0.0001652566
1998-08-10,-0.0058086932
1998-08-11,-0.0131593392
1998-08-12,0.0141559029
1998-08-13,-0.0086238385
1998-08-14,-0.0113770807
1998-08-17,0.0194935809
1998-08-18,0.0160469808
1998-08-19,-0.0028554102
1998-08-20,-0.0059005523
1998-08-21,-0.0095359659
1998-08-24,0.0063613085
1998-08-25,0.0043191104
1998-08-26,-0.0079558301
1998-08-27,-0.0391251413
1998-08-28,-0.0149297138
1998-08-31,-0.0704375740
1998-09-01,0.0379027914
1998-09-02,-0.0038090973
1998-09-03,-0.0083336054
1998-09-04,-0.0085576731
1998-09-08,0.0496459683
1998-09-09,-0.0170081940
1998-09-10,-0.0261897173
1998-09-11,0.0290280481
1998-09-14,0.0202676902
1998-09-15,0.0077006116
1998-09-16,0.0074885876
1998-09-17,-0.0257819262
1998-09-18,0.0011967198
1998-09-21,0.0037182283
1998-09-22,0.0055904059
1998-09-23,0.0347981987
1998-09-24,-0.0221650624
1998-09-25,0.0019449668
1998-09-28,0.0037640880
1998-09-29,0.0003147033
1998-09-30,-0.0309894542
1998-10-01,-0.0305704097
1998-10-02,0.0163000517
1998-10-05,-0.0141025442
1998-10-06,-0.0040239982
1998-10-07,-0.0142284889
1998-10-08,-0.0116470658
1998-10-09,0.0256723914
1998-10-12,0.0134405001
1998-10-13,-0.0029209753
1998-10-14,0.0107283741
1998-10-15,0.0408820221
1998-10-16,0.0084890582
1998-10-19,0.0056352258
1998-10-20,0.0014485489
1998-10-21,0.0056142706
1998-10-22,0.0079687039
1998-10-23,-0.0072679625
1998-10-26,0.0015398137
1998-10-27,-0.0065305105
1998-10-28,0.0025780097
1998-10-29,0.0165648375
1998-10-30,0.0116635852
1998-11-02,0.0116999996
1998-11-03,-0.0006839418
1998-11-04,0.0070240638
1998-11-05,0.0134783809
1998-11-06,0.0062949438
1998-11-09,-0.0095192786
1998-11-10,-0.0017179334
1998-11-11,-0.0064822758
1998-11-12,-0.0029303528
1998-11-13,0.0071588019
1998-11-16,0.0089760679
1998-11-17,0.0030326732
1998-11-18,0.0045188222
1998-11-19,0.0070785550
1998-11-20,0.0094467953
1998-11-23,0.0209722215
1998-11-24,-0.0044028165
1998-11-25,0.0032744621
1998-11-27,0.0045897534
1998-11-30,-0.0243649056
1998-12-01,0.0099620084
1998-12-02,-0.0034348874
1998-12-03,-0.0181878677
1998-12-04,0.0228642082
1998-12-07,0.0092707277
1998-12-08,-0.0053353719
1998-12-09,0.0017844414
1998-12-10,-0.0157294212
1998-12-11,0.0012352168
1998-12-14,-0.0218931902
1998-12-15,0.0187763538
1998-12-16,-0.0007656798
1998-12-17,0.0154065011
1998-12-18,0.0067990252
1998-12-21,0.0123889011
1998-12-22,0.0006066967
1998-12-23,0.0205344087
1998-12-24,-0.0018494467
1998-12-28,-0.0006363015
1998-12-29,0.0132292839
1998-12-30,-0.0079879510
1998-12-31,-0.0021941477
1999-01-04,-0.0009197015
1999-01-05,0.0134905913
1999-01-06,0.0218988669
1999-01-07,-0.0020534339
1999-01-08,0.0042124735
1999-01-11,-0.0088303792
1999-01-12,-0.0194702103
1999-01-13,-0.0041311063
1999-01-14,-0.0181564491
1999-01-15,0.0253083772
1999-01-19,0.0070053028
1999-01-20,0.0036833003
1999-01-21,-0.0172250289
1999-01-22,-0.0081046578
1999-01-25,0.0071488159
1999-01-26,0.0147451906
1999-01-27,-0.0073252882
1999-01-28,0.0176999613
1999-01-29,0.0112142341
1999-02-01,-0.0052024802
1999-02-02,-0.0086864872
1999-02-03,0.0079556202
1999-02-04,-0.0187106394
1999-02-05,-0.0073074020
1999-02-08,0.0035196942
1999-02-09,-0.0224651849
1999-02-10,0.0060745888
1999-02-11,0.0246138614
1999-02-12,-0.0192505120
1999-02-16,0.0094984454
1999-02-17,-0.0144695867
1999-02-18,0.0107667280
1999-02-19,0.0015666802
1999-02-22,0.0262184075
1999-02-23,-0.0007548881
1999-02-24,-0.0140777809
1999-02-25,-0.0067162546
1999-02-26,-0.0053879475
1999-03-01,-0.0017538341
1999-03-02,-0.0086609042
1999-03-03,0.0017935364
1999-03-04,0.0153094835
1999-03-05,0.0228627713
1999-03-08,0.0056758888
1999-03-09,-0.0022555606
1999-03-10,0.0054545308
1999-03-11,0.0083885219
1999-03-12,-0.0023840798
1999-03-15,0.0097393349
1999-03-16,-0.0006733941
1999-03-17,-0.0065740647
1999-03-18,0.0143288234
1999-03-19,-0.0131967243
1999-03-22,-0.0017563686
1999-03-23,-0.0272529183
1999-03-24,0.0050973159
1999-03-25,0.0167284383
1999-03-26,-0.0055892319
1999-03-29,0.0211117064
1999-03-30,-0.0072159121
1999-03-31,-0.0111167267
1999-04-01,0.0056974722
1999-04-05,0.0209580913
1999-04-06,-0.0024478741
1999-04-07,0.0068058853
1999-04-08,0.0127974773
1999-04-09,0.0032462581
1999-04-12,0.0075952381
1999-04-13,-0.0065056322
1999-04-14,-0.0159659331
1999-04-15,-0.0042167958
1999-04-16,-0.0029146078
1999-04-19,-0.0226348526
1999-04-20,0.0128602033
1999-04-21,0.0226706633
1999-04-22,0.0168467488
1999-04-23,-0.0014508177
1999-04-26,0.0023483210
1999-04-27,0.0020273028
1999-04-28,-0.0087629779
1999-04-29,-0.0059991702
1999-04-30,-0.0057131401
1999-05-03,0.0144622035
1999-05-04,-0.0168467858
1999-05-05,0.0114284834
1999-05-06,-0.0113909099
1999-05-07,0.0096748674
1999-05-10,-0.0035005071
1999-05-11,0.0113580208
1999-05-12,0.0061700327
1999-05-13,0.0026066135
1999-05-14,-0.0220016627
1999-05-17,0.0012624270
1999-05-18,-0.0046169051
1999-05-19,0.0081493118
1999-05-20,-0.0040252785
1999-05-21,-0.0063990725
1999-05-24,-0.0179303643
1999-05-25,-0.0171749264
1999-05-26,0.0157274211
1999-05-27,-0.0180580625
1999-05-28,0.0158175613
1999-06-01,-0.0058395113
1999-06-02,0.0004249007
1999-06-03,0.0036463743
1999-06-04,0.0214753946
1999-06-07,0.0050859110
1999-06-08,-0.0129647638
1999-06-09,0.0009939861
1999-06-10,-0.0120698089
1999-06-11,-0.0070711430
1999-06-14,0.0002782345
1999-06-15,0.0055180045
1999-06-16,0.0222309905
1999-06-17,0.0071078114
1999-06-18,0.0021917462
1999-06-21,0.0045768285
1999-06-22,-0.0097733228
1999-06-23,-0.0021131590
1999-06-24,-0.0130474274
1999-06-25,-0.0003572441
1999-06-28,0.0121210228
1999-06-29,0.0149846073
1999-06-30,0.0156088057
1999-07-01,0.0059920215
1999-07-02,0.0074021578
1999-07-06,-0.0022307288
1999-07-07,0.0055603921
1999-07-08,-0.0010321126
1999-07-09,0.0063337847
1999-07-12,-0.0029832191
1999-07-13,-0.0039674892
1999-07-14,0.0033026040
1999-07-15,0.0081558909
1999-07-16,0.0064772070
1999-07-19,-0.0078757034
1999-07-20,-0.0219418436
1999-07-21,0.0015890813
1999-07-22,-0.0133712431
1999-07-23,-0.0029655378
1999-07-26,-0.0067881592
1999-07-27,0.0111267703
1999-07-28,0.0018767113
1999-07-29,-0.0180094466
1999-07-30,-0.0092219465
1999-08-02,-0.0005043130
1999-08-03,-0.0044298076
1999-08-04,-0.0128260814
1999-08-05,0.0063993171
1999-08-06,-0.0102678193
1999-08-09,-0.0019167857
1999-08-10,-0.0126938771
1999-08-11,0.0158711364
1999-08-12,-0.0028999166
1999-08-13,0.0224851950
1999-08-16,0.0023246381
1999-08-17,0.0100115713
1999-08-18,-0.0084573297
1999-08-19,-0.0069642623
1999-08-20,0.0097888307
1999-08-23,0.0175098831
1999-08-24,0.0024084935
1999-08-25,0.0133248651
1999-08-26,-0.0144182314
1999-08-27,-0.0101392534
1999-08-30,-0.0181497258
1999-08-31,-0.0027302576
1999-09-01,0.0080407694
1999-09-02,-0.0090258340
1999-09-03,0.0284959631
1999-09-07,-0.0050153847
1999-09-08,-0.0046759729
1999-09-09,0.0026079193
1999-09-10,0.0029637115
1999-09-13,-0.0055865247
1999-09-14,-0.0058498206
1999-09-15,-0.0138044948
1999-09-16,0.0003868913
1999-09-17,0.0127663389
1999-09-20,0.0000823567
1999-09-21,-0.0211501718
1999-09-22,0.0022383149
1999-09-23,-0.0232360160
1999-09-24,-0.0023849293
1999-09-27,0.0046472867
1999-09-28,-0.0008654088
1999-09-29,-0.0108447068
1999-09-30,0.0112423892
1999-10-01,0.0000780330
1999-10-04,0.0168434317
1999-10-05,-0.0024942932
1999-10-06,0.0183121507
1999-10-07,-0.0058720503
1999-10-08,0.0138527909
1999-10-11,-0.0006065061
1999-10-12,-0.0167434644
1999-10-13,-0.0211584089
1999-10-14,-0.0016582563
1999-10-15,-0.0284589949
1999-10-18,0.0053726798
1999-10-19,0.0057166401
1999-10-20,0.0220415529
1999-10-21,-0.0045238925
1999-10-22,0.0139562998
1999-10-25,-0.0061804853
1999-10-26,-0.0091010440
1999-10-27,0.0114790774
1999-10-28,0.0346585527
1999-10-29,0.0151480235
1999-11-01,-0.0064850403
1999-11-02,-0.0047226849
1999-11-03,0.0053207238
1999-11-04,0.0056741732
1999-11-05,0.0055545894
1999-11-08,0.0049358943
1999-11-09,-0.0085549317
1999-11-10,0.0059735177
1999-11-11,0.0058078076
1999-11-12,0.0105131427
1999-11-15,-0.0011969712
1999-11-16,0.0182490742
1999-11-17,-0.0066130323
1999-11-18,0.0100365704
1999-11-19,-0.0020653351
1999-11-22,-0.0007457482
1999-11-23,-0.0115375306
1999-11-24,0.0088173328
1999-11-26,-0.0003246363
1999-11-29,-0.0062242685
1999-11-30,-0.0135301891
1999-12-01,0.0063230252
1999-12-02,0.0080663325
1999-12-03,0.0170708628
1999-12-06,-0.0069803462
1999-12-07,-0.0099982560
1999-12-08,-0.0037610744
1999-12-09,0.0030085339
1999-12-10,0.0063218472
1999-12-13,-0.0012852412
1999-12-14,-0.0085509813
1999-12-15,0.0072145970
1999-12-16,0.0038487771
1999-12-17,0.0015846134
1999-12-20,-0.0020711097
1999-12-21,0.0107593394
1999-12-22,0.0018817881
1999-12-23,0.0153467799
1999-12-27,-0.0008506368
1999-12-28,0.0003842914
1999-12-29,0.0039710347
1999-12-30,0.0006899139
1999-12-31,0.0032586842
2000-01-03,-0.0095949947
2000-01-04,-0.0390991753
2000-01-05,0.0019203380
2000-01-06,0.0009552217
2000-01-07,0.0267299497
2000-01-10,0.0111278249
2000-01-11,-0.0131485768
2000-01-12,-0.0043960197
2000-01-13,0.0120962452
2000-01-14,0.0106147635
2000-01-18,-0.0068555170
2000-01-19,0.0005221569
2000-01-20,-0.0071206126
2000-01-21,-0.0029165681
2000-01-24,-0.0280225842
2000-01-25,0.0060464836
2000-01-26,-0.0042216198
2000-01-27,-0.0039462040
2000-01-28,-0.0278408127
2000-01-31,0.0249048505
2000-02-01,0.0105717409
2000-02-02,-0.0001135639
2000-02-03,0.0111853477
2000-02-04,-0.0004211330
2000-02-07,-0.0000912760
2000-02-08,0.0121984937
2000-02-09,-0.0210351171
2000-02-10,0.0036202429
2000-02-11,-0.0211922990
2000-02-14,0.0020308869
2000-02-15,0.0086749476
2000-02-16,-0.0103093728
2000-02-17,0.0004250581
2000-02-18,-0.0308471031
2000-02-22,0.0045066735
2000-02-23,0.0062811391
2000-02-24,-0.0053497303
2000-02-25,-0.0149400894
2000-02-28,0.0109570787
2000-02-29,0.0135350731
2000-03-01,0.0093021147
2000-03-02,0.0018617281
2000-03-03,0.0196428538
2000-03-06,-0.0127767020
2000-03-07,-0.0259652971
2000-03-08,0.0081401286
2000-03-09,0.0252795704
2000-03-10,-0.0047340549
2000-03-13,-0.0082413052
2000-03-14,-0.0178437272
2000-03-15,0.0239826198
2000-03-16,0.0465457789
2000-03-17,0.0041054613
2000-03-20,-0.0053678304
2000-03-21,0.0252445131
2000-03-22,0.0045216286
2000-03-23,0.0176424980
2000-03-24,0.0000720080
2000-03-27,-0.0023596197
2000-03-28,-0.0106413844
2000-03-29,0.0005238552
2000-03-30,-0.0137498496
2000-03-31,0.0071387627
2000-04-03,0.0049192257
2000-04-04,-0.0074916139
2000-04-05,-0.0049361191
2000-04-06,0.0093485635
2000-04-07,0.0099480953
2000-04-10,-0.0078721113
2000-04-11,-0.0025756625
2000-04-12,-0.0225229362
2000-04-13,-0.0183381808
2000-04-14,-0.0600450975
2000-04-17,0.0325481108
2000-04-18,0.0282602968
2000-04-19,-0.0098569084
2000-04-20,0.0049406415
2000-04-24,-0.0032677404
2000-04-25,0.0327342935
2000-04-26,-0.0111965392
2000-04-27,0.0026863820
2000-04-28,-0.0085626107
2000-05-01,0.0108331626
2000-05-02,-0.0150695315
2000-05-03,-0.0218015012
2000-05-04,-0.0039155275
2000-05-05,0.0162272641
2000-05-08,-0.0059227006
2000-05-09,-0.0084829241
2000-05-10,-0.0208150540
2000-05-11,0.0177441064
2000-05-12,0.0092973250
2000-05-15,0.0218571374
2000-05-16,0.0093751054
2000-05-17,-0.0125197183
2000-05-18,-0.0073414896
2000-05-19,-0.0212795008
2000-05-22,-0.0044378370
2000-05-23,-0.0193620836
2000-05-24,0.0181691841
2000-05-25,-0.0126091133
2000-05-26,-0.0025366560
2000-05-30,0.0317330022
2000-05-31,-0.0013014023
2000-06-01,0.0196632699
2000-06-02,0.0194464569
2000-06-05,-0.0065401690
2000-06-06,-0.0066929934
2000-06-07,0.0092312684
2000-06-08,-0.0066074855
2000-06-09,-0.0032344717
2000-06-12,-0.0075440523
2000-06-13,0.0160802122
2000-06-14,0.0007483709
2000-06-15,0.0055538912
2000-06-16,-0.0096970509
2000-06-19,0.0146013991
2000-06-20,-0.0067861291
2000-06-21,0.0021522632
2000-06-22,-0.0183881677
2000-06-23,-0.0073955626
2000-06-26,0.0095486266
2000-06-27,-0.0032761481
2000-06-28,0.0029393162
2000-06-29,-0.0085806746
2000-06-30,0.0084294618
2000-07-03,0.0102185213
2000-07-05,-0.0159892962
2000-07-06,0.0071928819
2000-07-07,0.0151455458
2000-07-10,-0.0022203476
2000-07-11,0.0035582718
2000-07-12,0.0080974542
2000-07-13,0.0019539359
2000-07-14,0.0094084937
2000-07-17,0.0003377023
2000-07-18,-0.0111510595
2000-07-19,-0.0079175260
2000-07-20,0.0091418596
2000-07-21,-0.0103369508
2000-07-24,-0.0107999083
2000-07-25,0.0069280733
2000-07-26,-0.0150674223
2000-07-27,-0.0019297113
2000-07-28,-0.0207220356
2000-07-31,0.0076752506
2000-08-01,0.0050681162
2000-08-02,0.0004171132
2000-08-03,0.0095876632
2000-08-04,0.0071137534
2000-08-07,0.0111411757
2000-08-08,0.0023497388
2000-08-09,-0.0067193502
2000-08-10,-0.0086052211
2000-08-11,0.0079056416
2000-08-14,0.0133092959
2000-08-15,-0.0047916950
2000-08-16,-0.0030901816
2000-08-17,0.0109009192
2000-08-18,-0.0029118370
2000-08-21,0.0051885713
2000-08-22,-0.0009007013
2000-08-23,0.0052195224
2000-08-24,0.0015526682
2000-08-25,-0.0012340005
2000-08-28,0.0050587187
2000-08-29,-0.0028109135
2000-08-30,-0.0048133993
2000-08-31,0.0099926254
2000-09-01,0.0020339099
2000-09-05,-0.0090428237
2000-09-06,-0.0098889266
2000-09-07,0.0068520014
2000-09-08,-0.0053453467
2000-09-11,-0.0035123439
2000-09-12,-0.0048935862
2000-09-13,0.0019684148
2000-09-14,-0.0027244378
2000-09-15,-0.0102217189
2000-09-18,-0.0146378602
2000-09-19,0.0105977865
2000-09-20,-0.0058807129
2000-09-21,-0.0015790411
2000-09-22,-0.0002278153
2000-09-25,-0.0067110919
2000-09-26,-0.0082478337
2000-09-27,-0.0004485382
2000-09-28,0.0219916192
2000-09-29,-0.0150479756
2000-10-02,-0.0001949562
2000-10-03,-0.0068257881
2000-10-04,0.0054950086
2000-10-05,0.0013656262
2000-10-06,-0.0191833294
2000-10-09,-0.0049519214
2000-10-10,-0.0107636324
2000-10-11,-0.0163035828
2000-10-12,-0.0258404551
2000-10-13,0.0328364074
2000-10-16,0.0003273813
2000-10-17,-0.0180949775
2000-10-18,-0.0058244404
2000-10-19,0.0341533619
2000-10-20,0.0058657404
2000-10-23,-0.0008235903
2000-10-24,0.0016822132
2000-10-25,-0.0240544492
2000-10-26,-0.0003371387
2000-10-27,0.0110350281
2000-10-30,0.0137355867
2000-10-31,0.0217401330
2000-11-01,-0.0057391558
2000-11-02,0.0049832538
2000-11-03,-0.0011418560
2000-11-06,0.0038476655
2000-11-07,-0.0002234215
2000-11-08,-0.0159023224
2000-11-09,-0.0065067144
2000-11-10,-0.0247001366
2000-11-13,-0.0108346077
2000-11-14,0.0231813657
2000-11-15,0.0049482259
2000-11-16,-0.0126643902
2000-11-17,-0.0033576007
2000-11-20,-0.0185221732
2000-11-21,0.0035167570
2000-11-22,-0.0187216743
2000-11-24,0.0145716445
2000-11-27,0.0053516641
2000-11-28,-0.0095939040
2000-11-29,0.0043615037
2000-11-30,-0.0203103113
2000-12-01,0.0002129355
2000-12-04,0.0073782551
2000-12-05,0.0381833372
2000-12-06,-0.0183876721
2000-12-07,-0.0058700597
2000-12-08,0.0194150544
2000-12-11,0.0074979255
2000-12-12,-0.0065566587
2000-12-13,-0.0081943826
2000-12-14,-0.0141138965
2000-12-15,-0.0216964113
2000-12-18,0.0080383035
2000-12-19,-0.0130426489
2000-12-20,-0.0317961268
2000-12-21,0.0079697974
2000-12-22,0.0240943507
2000-12-26,0.0070503894
2000-12-27,0.0103855180
2000-12-28,0.0039802141
2000-12-29,-0.0105029720
2001-01-02,-0.0284323345
2001-01-03,0.0488840702
2001-01-04,-0.0106085464
2001-01-05,-0.0265928381
2001-01-08,-0.0019196526
2001-01-09,0.0038049412
2001-01-10,0.0095407277
2001-01-11,0.0102648364
2001-01-12,-0.0062523764
2001-01-16,0.0061243011
2001-01-17,0.0021233584
2001-01-18,0.0138193908
2001-01-19,-0.0040363641
2001-01-22,0.0002681016
2001-01-23,0.0129473193
2001-01-24,0.0028627203
2001-01-25,-0.0049893659
2001-01-26,-0.0018876292
2001-01-29,0.0067817001
2001-01-30,0.0069834364
2001-01-31,-0.0056355648
2001-02-01,0.0054462741
2001-02-02,-0.0176284619
2001-02-05,0.0035802417
2001-02-06,-0.0015148688
2001-02-07,-0.0084436905
2001-02-08,-0.0062541707
2001-02-09,-0.0134252660
2001-02-12,0.0117578949
2001-02-13,-0.0086897726
2001-02-14,-0.0021861951
2001-02-15,0.0080907309
2001-02-16,-0.0190862871
2001-02-20,-0.0175089540
2001-02-21,-0.0186808596
2001-02-22,-0.0019537370
2001-02-23,-0.0055709248
2001-02-26,0.0173387692
2001-02-27,-0.0076893961
2001-02-28,-0.0144124717
2001-03-01,0.0010398636
2001-03-02,-0.0056959823
2001-03-05,0.0058410325
2001-03-06,0.0099311209
2001-03-07,0.0064316299
2001-03-08,0.0022559510
2001-03-09,-0.0250757253
2001-03-12,-0.0441407829
2001-03-13,0.0147196301
2001-03-14,-0.0261818931
2001-03-15,0.0058541255
2001-03-16,-0.0198191828
2001-03-19,0.0174731358
2001-03-20,-0.0243720002
2001-03-21,-0.0180862773
2001-03-22,-0.0040719956
2001-03-23,0.0197134959
2001-03-26,0.0112192005
2001-03-27,0.0252534794
2001-03-28,-0.0247330085
2001-03-29,-0.0046410609
2001-03-30,0.0107267091
2001-04-02,-0.0125402400
2001-04-03,-0.0349984750
2001-04-04,-0.0029053254
2001-04-05,0.0427529129
2001-04-06,-0.0201859484
2001-04-09,0.0080846258
2001-04-10,0.0267062186
2001-04-11,-0.0021334217
2001-04-12,0.0149913936
2001-04-16,-0.0032328892
2001-04-17,0.0102299483
2001-04-18,0.0381532251
2001-04-19,0.0124647218
2001-04-20,-0.0085794494
2001-04-23,-0.0150934601
2001-04-24,-0.0122360236
2001-04-25,0.0158151696
2001-04-26,0.0046848539
2001-04-27,0.0148983719
2001-04-30,-0.0028691916
2001-05-01,0.0134983417
2001-05-02,0.0007815021
2001-05-03,-0.0149844001
2001-05-04,0.0143371583
2001-05-07,-0.0024504586
2001-05-08,-0.0018299601
2001-05-09,-0.0044978199
2001-05-10,-0.0002867587
2001-05-11,-0.0076054583
2001-05-14,0.0026056400
2001-05-15,0.0004161910
2001-05-16,0.0280555246
2001-05-17,0.0027200539
2001-05-18,0.0026894324
2001-05-21,0.0160246641
2001-05-22,-0.0026313325
2001-05-23,-0.0156481956
2001-05-24,0.0031910515
2001-05-25,-0.0118863106
2001-05-29,-0.0078245999
2001-05-30,-0.0157793566
2001-05-31,0.0061823677
2001-06-01,0.0038546576
2001-06-04,0.0050953447
2001-06-05,0.0129065111
2001-06-06,-0.0106046711
2001-06-07,0.0054416772
2001-06-08,-0.0094417523
2001-06-11,-0.0083910599
2001-06-12,0.0011632044
2001-06-13,-0.0114117639
2001-06-14,-0.0176565591
2001-06-15,-0.0045271147
2001-06-18,-0.0048951361
2001-06-19,0.0034282439
2001-06-20,0.0086710499
2001-06-21,0.0113001260
2001-06-22,-0.0094949632
2001-06-25,-0.0055238588
2001-06-26,-0.0015110425
2001-06-27,-0.0046873743
2001-06-28,0.0124156945
2001-06-29,-0.0014853191
2001-07-02,0.0100280926
2001-07-03,-0.0018372028
2001-07-05,-0.0123977814
2001-07-06,-0.0237787519
2001-07-09,0.0068554435
2001-07-10,-0.0145026357
2001-07-11,-0.0011347469
2001-07-12,0.0234149842
2001-07-13,0.0062216362
2001-07-16,-0.0109425337
2001-07-17,0.0099219155
2001-07-18,-0.0055570448
2001-07-19,0.0060345815
2001-07-20,-0.0034379815
2001-07-23,-0.0165040686
2001-07-24,-0.0164054710
2001-07-25,0.0159519463
2001-07-26,0.0103953132
2001-07-27,0.0023994968
2001-07-30,-0.0010786253
2001-07-31,0.0055551925
2001-08-01,0.0038729042
2001-08-02,0.0039561637
2001-08-03,-0.0052564898
2001-08-06,-0.0114874736
2001-08-07,0.0032600774
2001-08-08,-0.0174800149
2001-08-09,-0.0000844759
2001-08-10,0.0056707336
2001-08-13,0.0009490058
2001-08-14,-0.0038351773
2001-08-15,-0.0073665295
2001-08-16,0.0030851789
2001-08-17,-0.0168034431
2001-08-20,0.0080913653
2001-08-21,-0.0121530301
2001-08-22,0.0069320458
2001-08-23,-0.0027671176
2001-08-24,0.0194636678
2001-08-27,-0.0048390568
2001-08-28,-0.0151237985
2001-08-29,-0.0112118563
2001-08-30,-0.0171501519
2001-08-31,0.0040218446
2001-09-04,-0.0005647554
2001-09-05,-0.0010597094
2001-09-06,-0.0226447394
2001-09-07,-0.0188128737
2001-09-10,0.0062066466
2001-09-17,-0.0504679566
2001-09-18,-0.0058218848
2001-09-19,-0.0162437094
2001-09-20,-0.0315525198
2001-09-21,-0.0192177439
2001-09-24,0.0382425927
2001-09-25,0.0087512784
2001-09-26,-0.0051800399
2001-09-27,0.0114236254
2001-09-28,0.0216851564
2001-10-01,-0.0022985382
2001-10-02,0.0122304309
2001-10-03,0.0197312624
2001-10-04,-0.0024744510
2001-10-05,0.0016347428
2001-10-08,-0.0083794472
2001-10-09,-0.0053699340
2001-10-10,0.0226791184
2001-10-11,0.0150938527
2001-10-12,-0.0052807961
2001-10-15,-0.0015310060
2001-10-16,0.0069120178
2001-10-17,-0.0188084190
2001-10-18,-0.0079042036
2001-10-19,0.0045469645
2001-10-22,0.0151802820
2001-10-23,-0.0047087429
2001-10-24,0.0003870283
2001-10-25,0.0136277068
2001-10-26,0.0041003547
2001-10-29,-0.0241065460
2001-10-30,-0.0173149600
2001-10-31,-0.0000094451
2001-11-01,0.0226887601
2001-11-02,0.0028554118
2001-11-05,0.0142831009
2001-11-06,0.0144216569
2001-11-07,-0.0027386165
2001-11-08,0.0024526182
2001-11-09,0.0015811866
2001-11-12,-0.0017690232
2001-11-13,0.0183932062
2001-11-14,0.0018594008
2001-11-15,0.0009021694
2001-11-16,-0.0031478666
2001-11-19,0.0108399363
2001-11-20,-0.0073244002
2001-11-21,-0.0049392822
2001-11-23,0.0116378957
2001-11-26,0.0061359069
2001-11-27,-0.0068663629
2001-11-28,-0.0184200082
2001-11-29,0.0102965857
2001-11-30,-0.0006579958
2001-12-03,-0.0084164922
2001-12-04,0.0131008371
2001-12-05,0.0220728366
2001-12-06,-0.0027808100
2001-12-07,-0.0075599217
2001-12-10,-0.0159951927
2001-12-11,-0.0027847848
2001-12-12,0.0002726119
2001-12-13,-0.0156797662
2001-12-14,0.0033088196
2001-12-17,0.0099848177
2001-12-18,0.0075178272
2001-12-19,0.0057928819
2001-12-20,-0.0084124073
2001-12-21,0.0043416712
2001-12-24,-0.0002096406
2001-12-26,0.0041150272
2001-12-27,0.0067288437
2001-12-28,0.0033561402
2001-12-31,-0.0112080023
2002-01-02,0.0057236833
2002-01-03,0.0091382097
2002-01-04,0.0061939218
2002-01-07,-0.0065200839
2002-01-08,-0.0035948213
2002-01-09,-0.0048102918
2002-01-10,0.0012199164
2002-01-11,-0.0095129820
2002-01-14,-0.0062959139
2002-01-15,0.0068107655
2002-01-16,-0.0163785204
2002-01-17,0.0099805005
2002-01-18,-0.0099716233
2002-01-22,-0.0073612280
2002-01-23,0.0078932860
2002-01-24,0.0035127390
2002-01-25,0.0009976075
2002-01-28,-0.0001941198
2002-01-29,-0.0290301470
2002-01-30,0.0116791802
2002-01-31,0.0148235427
2002-02-01,-0.0071035642
2002-02-04,-0.0250482374
2002-02-05,-0.0040467008
2002-02-06,-0.0059902823
2002-02-07,-0.0030873035
2002-02-08,0.0147493947
2002-02-11,0.0142383133
2002-02-12,-0.0040009619
2002-02-13,0.0098922282
2002-02-14,-0.0018165897
2002-02-15,-0.0110778348
2002-02-19,-0.0190541967
2002-02-20,0.0134232802
2002-02-21,-0.0156318713
2002-02-22,0.0081906262
2002-02-25,0.0178155532
2002-02-26,-0.0000451132
2002-02-27,0.0004596194
2002-02-28,-0.0028512206
2002-03-01,0.0223819366
2002-03-04,0.0193038402
2002-03-05,-0.0066956930
2002-03-06,0.0144053187
2002-03-07,-0.0045080090
2002-03-08,0.0058315898
2002-03-11,0.0033867835
2002-03-12,-0.0022966912
2002-03-13,-0.0099066545
2002-03-14,-0.0009101584
2002-03-15,0.0113143624
2002-03-18,-0.0005232086
2002-03-19,0.0040584942
2002-03-20,-0.0158822905
2002-03-21,0.0015094651
2002-03-22,-0.0042479637
2002-03-25,-0.0147596978
2002-03-26,0.0058316865
2002-03-27,0.0053349047
2002-03-28,0.0024520915
2002-04-01,-0.0007410650
2002-04-02,-0.0085666263
2002-04-03,-0.0100435696
2002-04-04,0.0008348579
2002-04-05,-0.0032102056
2002-04-08,0.0022776129
2002-04-09,-0.0066783034
2002-04-10,0.0112709380
2002-04-11,-0.0239743913
2002-04-12,0.0066104621
2002-04-15,-0.0076437972
2002-04-16,0.0231483861
2002-04-17,-0.0020404621
2002-04-18,-0.0014218596
2002-04-19,0.0006223869
2002-04-22,-0.0155310671
2002-04-23,-0.0062206163
2002-04-24,-0.0071281888
2002-04-25,-0.0015197467
2002-04-26,-0.0139867901
2002-04-29,-0.0101505661
2002-04-30,0.0107079565
2002-05-01,0.0088195128
2002-05-02,-0.0017502398
2002-05-03,-0.0103152498
2002-05-06,-0.0195293435
2002-05-07,-0.0030255129
2002-05-08,0.0368177484
2002-05-09,-0.0146542786
2002-05-10,-0.0169365134
2002-05-13,0.0183800510
2002-05-14,0.0209230870
2002-05-15,-0.0056756001
2002-05-16,0.0065409582
2002-05-17,0.0075834087
2002-05-20,-0.0133821982
2002-05-21,-0.0110510573
2002-05-22,0.0056697272
2002-05-23,0.0101324092
2002-05-24,-0.0121602767
2002-05-28,-0.0085897733
2002-05-29,-0.0064326449
2002-05-30,-0.0028138383
2002-05-31,0.0023266550
2002-06-03,-0.0251077892
2002-06-04,0.0000095011
2002-06-05,0.0088110464
2002-06-06,-0.0199617022
2002-06-07,-0.0015753500
2002-06-10,0.0031190889
2002-06-11,-0.0167686555
2002-06-12,0.0065491804
2002-06-13,-0.0105429164
2002-06-14,-0.0022708696
2002-06-17,0.0282875451
2002-06-18,0.0009356736
2002-06-19,-0.0166741253
2002-06-20,-0.0135225351
2002-06-21,-0.0171896641
2002-06-24,0.0036127274
2002-06-25,-0.0168425872
2002-06-26,-0.0026773627
2002-06-27,0.0174225426
2002-06-28,-0.0008280979
2002-07-01,-0.0216197411
2002-07-02,-0.0214539120
2002-07-03,0.0062037162
2002-07-05,0.0360715155
2002-07-08,-0.0122585334
2002-07-09,-0.0250296394
2002-07-10,-0.0345521443
2002-07-11,0.0074682403
2002-07-12,-0.0064692024
2002-07-15,-0.0037622883
2002-07-16,-0.0186824616
2002-07-17,0.0056447655
2002-07-18,-0.0273903684
2002-07-19,-0.0391072815
2002-07-22,-0.0334644141
2002-07-23,-0.0273887647
2002-07-24,0.0557443001
2002-07-25,-0.0056476838
2002-07-26,0.0167427696
2002-07-29,0.0526665759
2002-07-30,0.0042403598
2002-07-31,0.0097443074
2002-08-01,-0.0300198712
2002-08-02,-0.0233528633
2002-08-05,-0.0348979578
2002-08-06,0.0294797338
2002-08-07,0.0198124498
2002-08-08,0.0321984036
2002-08-09,0.0035058661
2002-08-12,-0.0053409088
2002-08-13,-0.0219134676
2002-08-14,0.0392659201
2002-08-15,0.0114928313
2002-08-16,-0.0015922161
2002-08-19,0.0233374171
2002-08-20,-0.0140564876
2002-08-21,0.0126459773
2002-08-22,0.0139537915
2002-08-23,-0.0229475144
2002-08-26,0.0075074361
2002-08-27,-0.0139477659
2002-08-28,-0.0182982421
2002-08-29,-0.0000762744
2002-08-30,-0.0018866997
2002-09-03,-0.0424233943
2002-09-04,0.0173650416
2002-09-05,-0.0160788769
2002-09-06,0.0166607072
2002-09-09,0.0100620134
2002-09-10,0.0073046933
2002-09-11,-0.0001429387
2002-09-12,-0.0250965533
2002-09-13,0.0032644728
2002-09-16,0.0014486732
2002-09-17,-0.0199255792
2002-09-18,-0.0046586935
2002-09-19,-0.0305258632
2002-09-20,0.0024515853
2002-09-23,-0.0139244366
2002-09-24,-0.0174355553
2002-09-25,0.0245589313
2002-09-26,0.0180459860
2002-09-27,-0.0327910127
2002-09-30,-0.0147203409
2002-10-01,0.0392428180
2002-10-02,-0.0238700460
2002-10-03,-0.0108813736
2002-10-04,-0.0226865605
2002-10-07,-0.0192961069
2002-10-08,0.0167571884
2002-10-09,-0.0276661329
2002-10-10,0.0343683056
2002-10-11,0.0383151533
2002-10-14,0.0072998190
2002-10-15,0.0462493583
2002-10-16,-0.0244084036
2002-10-17,0.0220567495
2002-10-18,0.0058857414
2002-10-21,0.0171854129
2002-10-22,-0.0106823796
2002-10-23,0.0066954754
2002-10-24,-0.0153378783
2002-10-25,0.0170214757
2002-10-28,-0.0083004301
2002-10-29,-0.0091176971
2002-10-30,0.0096567849
2002-10-31,-0.0055728776
2002-11-01,0.0170148413
2002-11-04,0.0081688541
2002-11-05,0.0077204800
2002-11-06,0.0091020882
2002-11-07,-0.0231173998
2002-11-08,-0.0088017461
2002-11-11,-0.0209501972
2002-11-12,0.0076856225
2002-11-13,-0.0004757719
2002-11-14,0.0243351942
2002-11-15,0.0061297777
2002-11-18,-0.0104631206
2002-11-19,-0.0040287130
2002-11-20,0.0192287444
2002-11-21,0.0212247579
2002-11-22,-0.0034436603
2002-11-25,0.0024900544
2002-11-26,-0.0211904902
2002-11-27,0.0276016590
2002-11-29,-0.0027304037
2002-12-02,-0.0019028552
2002-12-03,-0.0148552051
2002-12-04,-0.0034487671
2002-12-05,-0.0120936158
2002-12-06,0.0062459574
2002-12-09,-0.0224259973
2002-12-10,0.0138609051
2002-12-11,0.0005637305
2002-12-12,-0.0037419695
2002-12-13,-0.0135117983
2002-12-16,0.0232470898
2002-12-17,-0.0081726218
2002-12-18,-0.0132323753
2002-12-19,-0.0077392650
2002-12-20,0.0129327028
2002-12-23,0.0018068813
2002-12-24,-0.0054865453
2002-12-26,-0.0031535297
2002-12-27,-0.0161583844
2002-12-30,0.0045475493
2002-12-31,0.0004888475
2003-01-02,0.0326607797
2003-01-03,-0.0004841523
2003-01-06,0.0222255367
2003-01-07,-0.0065661295
2003-01-08,-0.0141857186
2003-01-09,0.0192006058
2003-01-10,0.0000000000
2003-01-13,-0.0014132879
2003-01-14,0.0058129291
2003-01-15,-0.0145309310
2003-01-16,-0.0039501969
2003-01-17,-0.0141161642
2003-01-21,-0.0158269024
2003-01-22,-0.0104872023
2003-01-23,0.0101717380
2003-01-24,-0.0296692527
2003-01-27,-0.0162917839
2003-01-28,0.0129660294
2003-01-29,0.0067560852
2003-01-30,-0.0231143667
2003-01-31,0.0130448967
2003-02-03,0.0053845599
2003-02-04,-0.0141879501
2003-02-05,-0.0054498450
2003-02-06,-0.0064695152
2003-02-07,-0.0101449712
2003-02-10,0.0075405522
2003-02-11,-0.0081312969
2003-02-12,-0.0127681171
2003-02-13,-0.0016014154
2003-02-14,0.0212081344
2003-02-18,0.0193118563
2003-02-19,-0.0071213861
2003-02-20,-0.0095469590
2003-02-21,0.0131375587
2003-02-24,-0.0185517334
2003-02-25,0.0071687351
2003-02-26,-0.0132285553
2003-02-27,0.0116890640
2003-02-28,0.0046114546
2003-03-03,-0.0075658811
2003-03-04,-0.0154759335
2003-03-05,0.0095167145
2003-03-06,-0.0093829197
2003-03-07,0.0082254616
2003-03-10,-0.0261692112
2003-03-11,-0.0083944756
2003-03-12,0.0043117755
2003-03-13,0.0338767079
2003-03-14,0.0016454721
2003-03-17,0.0348135561
2003-03-18,0.0042331194
2003-03-19,0.0086988629
2003-03-20,0.0018860071
2003-03-21,0.0227166979
2003-03-24,-0.0358670715
2003-03-25,0.0120877737
2003-03-26,-0.0054909354
2003-03-27,-0.0016451167
2003-03-28,-0.0057967385
2003-03-31,-0.0179010288
2003-04-01,0.0120704921
2003-04-02,0.0257807790
2003-04-03,-0.0050644682
2003-04-04,0.0027345353
2003-04-07,0.0012281437
2003-04-08,-0.0018655403
2003-04-09,-0.0141034603
2003-04-10,0.0064343262
2003-04-11,-0.0037704131
2003-04-14,0.0193102132
2003-04-15,0.0062836823
2003-04-16,-0.0123115594
2003-04-17,0.0154162863
2003-04-21,-0.0017585310
2003-04-22,0.0214716023
2003-04-23,0.0083589496
2003-04-24,-0.0082931195
2003-04-25,-0.0139431232
2003-04-28,0.0176775525
2003-04-29,0.0032738968
2003-04-30,-0.0010029039
2003-05-01,-0.0006764002
2003-05-02,0.0149268137
2003-05-05,-0.0038026247
2003-05-06,0.0084259280
2003-05-07,-0.0051180304
2003-05-08,-0.0101087688
2003-05-09,0.0141773917
2003-05-12,0.0124567891
2003-05-13,-0.0029776251
2003-05-14,-0.0032100267
2003-05-15,0.0078368900
2003-05-16,-0.0025066462
2003-05-19,-0.0252336016
2003-05-20,-0.0011301703
2003-05-21,0.0040040229
2003-05-22,0.0091091643
2003-05-23,0.0014476254
2003-05-27,0.0193777064
2003-05-28,0.0018270497
2003-05-29,-0.0037627154
2003-05-30,0.0145829400
2003-06-02,0.0035325746
2003-06-03,0.0047045291
2003-06-04,0.0149966982
2003-06-05,0.0039466393
2003-06-06,-0.0024065989
2003-06-09,-0.0120489081
2003-06-10,0.0090883637
2003-06-11,0.0127528602
2003-06-12,0.0010320988
2003-06-13,-0.0099642763
2003-06-16,0.0221381038
2003-06-17,0.0009097933
2003-06-18,-0.0015530571
2003-06-19,-0.0153535449
2003-06-20,0.0009947702
2003-06-23,-0.0142113093
2003-06-24,0.0018421528
2003-06-25,-0.0083011803
2003-06-26,0.0107081598
2003-06-27,-0.0097858487
2003-06-30,-0.0017634219
2003-07-01,0.0079926094
2003-07-02,0.0115685377
2003-07-03,-0.0081336049
2003-07-07,0.0188134614
2003-07-08,0.0033992101
2003-07-09,-0.0056018701
2003-07-10,-0.0135719012
2003-07-11,0.0095026005
2003-07-14,0.0057142720
2003-07-15,-0.0034326600
2003-07-16,-0.0063474009
2003-07-17,-0.0125114713
2003-07-18,0.0117365737
2003-07-21,-0.0147255562
2003-07-22,0.0094666937
2003-07-23,0.0005058886
2003-07-24,-0.0071160328
2003-07-25,0.0172505312
2003-07-28,-0.0021651704
2003-07-29,-0.0072917939
2003-07-30,-0.0018110752
2003-07-31,0.0028516627
2003-08-01,-0.0103123769
2003-08-04,0.0027203518
2003-08-05,-0.0178213035
2003-08-06,0.0016765453
2003-08-07,0.0072532545
2003-08-08,0.0035558924
2003-08-11,0.0030640720
2003-08-12,0.0099039326
2003-08-13,-0.0064019772
2003-08-14,0.0065635577
2003-08-15,0.0001614928
2003-08-18,0.0091137708
2003-08-19,0.0026072623
2003-08-20,-0.0020472759
2003-08-21,0.0029647418
2003-08-22,-0.0102288809
2003-08-25,0.0006543530
2003-08-26,0.0030344656
2003-08-27,0.0000601926
2003-08-28,0.0060511867
2003-08-29,0.0051420983
2003-09-02,0.0137735975
2003-09-03,0.0041791916
2003-09-04,0.0016550662
2003-09-05,-0.0064214962
2003-09-08,0.0099853241
2003-09-09,-0.0082441488
2003-09-10,-0.0120448439
2003-09-11,0.0054258423
2003-09-12,0.0021719593
2003-09-15,-0.0037571916
2003-09-16,0.0141969374
2003-09-17,-0.0032598599
2003-09-18,0.0131782652
2003-09-19,-0.0031600188
2003-09-22,-0.0130931988
2003-09-23,0.0060531138
2003-09-24,-0.0192803536
2003-09-25,-0.0060716012
2003-09-26,-0.0064196808
2003-09-29,0.0097134595
2003-09-30,-0.0105966350
2003-10-01,0.0220941478
2003-10-02,0.0019819081
2003-10-03,0.0093752527
2003-10-06,0.0043600496
2003-10-07,0.0047261126
2003-10-08,-0.0052772833
2003-10-09,0.0047767785
2003-10-10,-0.0006451513
2003-10-13,0.0069980912
2003-10-14,0.0039430506
2003-10-15,-0.0025950962
2003-10-16,0.0031570889
2003-10-17,-0.0102901760
2003-10-20,0.0051440684
2003-10-21,0.0012914041
2003-10-22,-0.0150938324
2003-10-23,0.0033040916
2003-10-24,-0.0047123104
2003-10-27,0.0021552703
2003-10-28,0.0150730830
2003-10-29,0.0012601522
2003-10-30,-0.0011169606
2003-10-31,0.0035945213
2003-11-03,0.0078778817
2003-11-04,-0.0054633487
2003-11-05,-0.0013680765
2003-11-06,0.0059150921
2003-11-07,-0.0045850311
2003-11-10,-0.0058086319
2003-11-11,-0.0005158755
2003-11-12,0.0113630819
2003-11-13,-0.0001133666
2003-11-14,-0.0076443956
2003-11-17,-0.0064183935
2003-11-18,-0.0091251683
2003-11-19,0.0079842060
2003-11-20,-0.0084678118
2003-11-21,0.0015756987
2003-11-24,0.0160971655
2003-11-25,0.0017189790
2003-11-26,0.0043174334
2003-11-28,-0.0002362223
2003-12-01,0.0112014818
2003-12-02,-0.0032760216
2003-12-03,-0.0017735381
2003-12-04,0.0046756770
2003-12-05,-0.0077139024
2003-12-08,0.0073212723
2003-12-09,-0.0085655188
2003-12-10,-0.0010664297
2003-12-11,0.0114164882
2003-12-12,0.0027315408
2003-12-15,-0.0056951255
2003-12-16,0.0066163594
2003-12-17,0.0012548517
2003-12-18,0.0117287281
2003-12-19,-0.0004775553
2003-12-22,0.0039236457
2003-12-23,0.0028141951
2003-12-24,-0.0018081522
2003-12-26,0.0016895298
2003-12-29,0.0123245876
2003-12-30,0.0001442321
2003-12-31,0.0020526387
2004-01-02,-0.0030986004
2004-01-05,0.0123191503
2004-01-06,0.0012913130
2004-01-07,0.0023643674
2004-01-08,0.0049508241
2004-01-09,-0.0089273357
2004-01-12,0.0047752695
2004-01-13,-0.0053459265
2004-01-14,0.0082603691
2004-01-15,0.0013524704
2004-01-16,0.0068488984
2004-01-20,-0.0009303402
2004-01-21,0.0077414787
2004-01-22,-0.0032118356
2004-01-23,-0.0020913620
2004-01-26,0.0120336040
2004-01-27,-0.0098459938
2004-01-28,-0.0137030638
2004-01-29,0.0049766123
2004-01-30,-0.0026310521
2004-02-02,0.0036445708
2004-02-03,0.0006780460
2004-02-04,-0.0084065020
2004-02-05,0.0018357835
2004-02-06,0.0124773619
2004-02-09,-0.0025847643
2004-02-10,0.0050145424
2004-02-11,0.0106109366
2004-02-12,-0.0048920811
2004-02-13,-0.0054831695
2004-02-17,0.0097099351
2004-02-18,-0.0044785433
2004-02-19,-0.0041410552
2004-02-20,-0.0025751689
2004-02-23,-0.0027307313
2004-02-24,-0.0016666300
2004-02-25,0.0040127602
2004-02-26,0.0010836329
2004-02-27,0.0000261216
2004-03-01,0.0095876103
2004-03-02,-0.0059607870
2004-03-03,0.0016782131
2004-03-04,0.0033305602
2004-03-05,0.0017216463
2004-03-08,-0.0083852773
2004-03-09,-0.0057872819
2004-03-10,-0.0147409715
2004-03-11,-0.0153409698
2004-03-12,0.0123825114
2004-03-15,-0.0144537554
2004-03-16,0.0056067221
2004-03-17,0.0116809036
2004-03-18,-0.0012733832
2004-03-19,-0.0112360997
2004-03-22,-0.0130422082
2004-03-23,-0.0013246612
2004-03-24,-0.0023978588
2004-03-25,0.0162328707
2004-03-26,-0.0010191750
2004-03-29,0.0129207968
2004-03-30,0.0040276469
2004-03-31,-0.0007012565
2004-04-01,0.0052782055
2004-04-02,0.0084785899
2004-04-05,0.0076426511
2004-04-06,-0.0020967343
2004-04-07,-0.0066675984
2004-04-08,-0.0010615463
2004-04-12,0.0051477055
2004-04-13,-0.0138573688
2004-04-14,-0.0011249929
2004-04-15,0.0005936366
2004-04-16,0.0050984401
2004-04-19,0.0010658431
2004-04-20,-0.0156792540
2004-04-21,0.0052982333
2004-04-22,0.0139931151
2004-04-23,0.0005875142
2004-04-26,-0.0044548902
2004-04-27,0.0022694509
2004-04-28,-0.0138907893
2004-04-29,-0.0076197832
2004-04-30,-0.0059337427
2004-05-03,0.0091604264
2004-05-04,0.0018417723
2004-05-05,0.0017669882
2004-05-06,-0.0067456946
2004-05-07,-0.0138205378
2004-05-10,-0.0105956251
2004-05-11,0.0076332000
2004-05-12,0.0016692238
2004-05-13,-0.0007659026
2004-05-14,-0.0006751305
2004-05-17,-0.0106432567
2004-05-18,0.0067935991
2004-05-19,-0.0025777238
2004-05-20,0.0004682444
2004-05-21,0.0040042360
2004-05-24,0.0016902707
2004-05-25,0.0159752852
2004-05-26,0.0016965005
2004-05-27,0.0056703768
2004-05-28,-0.0005352242
2004-06-01,0.0004638049
2004-06-02,0.0033746413
2004-06-03,-0.0074499486
2004-06-04,0.0052341512
2004-06-07,0.0158383135
2004-06-08,0.0015421099
2004-06-09,-0.0095448711
2004-06-10,0.0045330484
2004-06-14,-0.0098861264
2004-06-15,0.0059540074
2004-06-16,0.0013683524
2004-06-17,-0.0013329831
2004-06-18,0.0026200976
2004-06-21,-0.0041671617
2004-06-22,0.0036295947
2004-06-23,0.0084706682
2004-06-24,-0.0029850936
2004-06-25,-0.0054679273
2004-06-28,-0.0009525423
2004-06-29,0.0025114910
2004-06-30,0.0040754851
2004-07-01,-0.0104857157
2004-07-02,-0.0031583267
2004-07-06,-0.0081817774
2004-07-07,0.0018974785
2004-07-08,-0.0082785831
2004-07-09,0.0033305219
2004-07-12,0.0013828528
2004-07-13,0.0007087173
2004-07-14,-0.0032965336
2004-07-15,-0.0043099117
2004-07-16,-0.0048004937
2004-07-19,-0.0004449825
2004-07-20,0.0070330891
2004-07-21,-0.0134301251
2004-07-22,0.0027022739
2004-07-23,-0.0097479655
2004-07-26,-0.0019628946
2004-07-27,0.0098766329
2004-07-28,0.0005388316
2004-07-29,0.0045631698
2004-07-30,0.0011715071
2004-08-02,0.0044377519
2004-08-03,-0.0062820517
2004-08-04,-0.0009643151
2004-08-05,-0.0164550193
2004-08-06,-0.0156017666
2004-08-09,0.0011741556
2004-08-10,0.0128904701
2004-08-11,-0.0030164814
2004-08-12,-0.0117438854
2004-08-13,0.0014756076
2004-08-16,0.0135626776
2004-08-17,0.0021933747
2004-08-18,0.0123665563
2004-08-19,-0.0036041600
2004-08-20,0.0065035490
2004-08-23,-0.0024338073
2004-08-24,0.0004652536
2004-08-25,0.0079686222
2004-08-26,0.0001176488
2004-08-27,0.0024222545
2004-08-30,-0.0078118271
2004-08-31,0.0046201307
2004-09-01,0.0015112497
2004-09-02,0.0111501132
2004-09-03,-0.0041937153
2004-09-07,0.0068638158
2004-09-08,-0.0044959824
2004-09-09,0.0018884263
2004-09-10,0.0049413996
2004-09-13,0.0016889977
2004-09-14,0.0022270132
2004-09-15,-0.0070796410
2004-09-16,0.0027898291
2004-09-17,0.0044848535
2004-09-20,-0.0056426653
2004-09-21,0.0063070142
2004-09-22,-0.0140358720
2004-09-23,-0.0046807109
2004-09-24,0.0015776642
2004-09-27,-0.0059540079
2004-09-28,0.0059090323
2004-09-29,0.0042609397
2004-09-30,-0.0001974475
2004-10-01,0.0150665732
2004-10-04,0.0032382721
2004-10-05,-0.0006080792
2004-10-06,0.0066505569
2004-10-07,-0.0100322257
2004-10-08,-0.0075551206
2004-10-11,0.0020030899
2004-10-12,-0.0022705154
2004-10-13,-0.0073272330
2004-10-14,-0.0093462705
2004-10-15,0.0044403730
2004-10-18,0.0052380788
2004-10-19,-0.0097328892
2004-10-20,0.0003897373
2004-10-21,0.0025608738
2004-10-22,-0.0097629089
2004-10-25,-0.0008581824
2004-10-26,0.0147697419
2004-10-27,0.0127970650
2004-10-28,0.0018109742
2004-10-29,0.0024450411
2004-11-01,0.0002743020
2004-11-02,0.0000442700
2004-11-03,0.0111181679
2004-11-04,0.0160273579
2004-11-05,0.0038662498
2004-11-08,-0.0010982380
2004-11-09,-0.0006956368
2004-11-10,-0.0010055239
2004-11-11,0.0090481626
2004-11-12,0.0090684679
2004-11-15,-0.0003040442
2004-11-16,-0.0071040163
2004-11-17,0.0055230229
2004-11-18,0.0013613312
2004-11-19,-0.0112241622
2004-11-22,0.0058784318
2004-11-23,-0.0002549073
2004-11-24,0.0040870608
2004-11-26,0.0007528429
2004-11-29,-0.0034559103
2004-11-30,-0.0040384517
2004-12-01,0.0148405594
2004-12-02,-0.0008733587
2004-12-03,0.0007055116
2004-12-06,-0.0007726852
2004-12-07,-0.0111351150
2004-12-08,0.0048647589
2004-12-09,0.0054214264
2004-12-10,-0.0010432185
2004-12-13,0.0089497752
2004-12-14,0.0039132720
2004-12-15,0.0019426064
2004-12-16,-0.0020839217
2004-12-17,-0.0075164886
2004-12-20,0.0003768116
2004-12-21,0.0089996248
2004-12-22,0.0034119794
2004-12-23,0.0004629157
2004-12-27,-0.0043145847
2004-12-28,0.0071285292
2004-12-29,-0.0000742384
2004-12-30,0.0000824867
2004-12-31,-0.0013440736
2005-01-03,-0.0081525620
2005-01-04,-0.0117400044
2005-01-05,-0.0036344392
2005-01-06,0.0034997269
2005-01-07,-0.0014321957
2005-01-10,0.0034169284
2005-01-11,-0.0061182455
2005-01-12,0.0039734991
2005-01-13,-0.0086675810
2005-01-14,0.0059866040
2005-01-18,0.0096282709
2005-01-19,-0.0095354230
2005-01-20,-0.0078134417
2005-01-21,-0.0064354793
2005-01-24,-0.0035340231
2005-01-25,0.0039963299
2005-01-26,0.0048324196
2005-01-27,0.0004088380
2005-01-28,-0.0027196827
2005-01-31,0.0084246930
2005-02-01,0.0068672672
2005-02-02,0.0031729291
2005-02-03,-0.0027694655
2005-02-04,0.0109825205
2005-02-07,-0.0010895592
2005-02-08,0.0004825901
2005-02-09,-0.0086122585
2005-02-10,0.0042026178
2005-02-11,0.0069017502
2005-02-14,0.0006966508
2005-02-15,0.0032943343
2005-02-16,0.0001817594
2005-02-17,-0.0079549221
2005-02-18,0.0006992897
2005-02-22,-0.0146119600
2005-02-23,0.0055916998
2005-02-24,0.0078627777
2005-02-25,0.0092637776
2005-02-28,-0.0064349010
2005-03-01,0.0056421279
2005-03-02,-0.0002727366
2005-03-03,0.0003222529
2005-03-04,0.0095783619
2005-03-07,0.0026068694
2005-03-08,-0.0048103405
2005-03-09,-0.0102373453
2005-03-10,0.0018540975
2005-03-11,-0.0076121481
2005-03-14,0.0056088661
2005-03-15,-0.0075522539
2005-03-16,-0.0081147002
2005-03-17,0.0017996328
2005-03-18,-0.0004705626
2005-03-21,-0.0049464336
2005-03-22,-0.0102485462
2005-03-23,0.0006996454
2005-03-24,-0.0009471067
2005-03-28,0.0024384931
2005-03-29,-0.0076251792
2005-03-30,0.0136786297
2005-03-31,-0.0006943848
2005-04-01,-0.0065178809
2005-04-04,0.0027244773
2005-04-05,0.0044708428
2005-04-06,0.0022658873
2005-04-07,0.0059532331
2005-04-08,-0.0083800145
2005-04-11,0.0000084742
2005-04-12,0.0055298848
2005-04-13,-0.0118313255
2005-04-14,-0.0100521343
2005-04-15,-0.0168618620
2005-04-18,0.0029362823
2005-04-19,0.0059162928
2005-04-20,-0.0133435701
2005-04-21,0.0195439868
2005-04-22,-0.0067731394
2005-04-25,0.0086249730
2005-04-26,-0.0088767485
2005-04-27,0.0039424964
2005-04-28,-0.0114456236
2005-04-29,0.0118519565
2005-05-02,0.0045795989
2005-05-03,-0.0008522167
2005-05-04,0.0123930516
2005-05-05,-0.0025721133
2005-05-06,-0.0010921846
2005-05-09,0.0063739662
2005-05-10,-0.0107631509
2005-05-11,0.0041842802
2005-05-12,-0.0100838884
2005-05-13,-0.0045905791
2005-05-16,0.0100355991
2005-05-17,0.0069332546
2005-05-18,0.0099688955
2005-05-19,0.0046451354
2005-05-20,-0.0015123150
2005-05-23,0.0038436363
2005-05-24,0.0001758518
2005-05-25,-0.0034058761
2005-05-26,0.0063745313
2005-05-27,0.0009681474
2005-05-31,-0.0060913799
2005-06-01,0.0089568057
2005-06-02,0.0017203908
2005-06-03,-0.0068908200
2005-06-06,0.0012450150
2005-06-07,-0.0002087883
2005-06-08,-0.0021655874
2005-06-09,0.0052262680
2005-06-10,-0.0023509984
2005-06-13,0.0022593091
2005-06-14,0.0025700096
2005-06-15,0.0022152533
2005-06-16,0.0036235263
2005-06-17,0.0049425124
2005-06-20,-0.0007069167
2005-06-21,-0.0020496200
2005-06-22,0.0002224681
2005-06-23,-0.0108921561
2005-06-24,-0.0076579687
2005-06-27,-0.0007387984
2005-06-28,0.0090960685
2005-06-29,-0.0014324617
2005-06-30,-0.0071262354
2005-07-01,0.0026071141
2005-07-05,0.0087938528
2005-07-06,-0.0083753342
2005-07-07,0.0024490497
2005-07-08,0.0116113818
2005-07-11,0.0062353316
2005-07-12,0.0022689745
2005-07-13,0.0008833189
2005-07-14,0.0026206024
2005-07-15,0.0011571321
2005-07-18,-0.0055450532
2005-07-19,0.0067088910
2005-07-20,0.0047473062
2005-07-21,-0.0066280639
2005-07-22,0.0053968192
2005-07-25,-0.0037763519
2005-07-26,0.0017315779
2005-07-27,0.0045625029
2005-07-28,0.0055875200
2005-07-29,-0.0077000396
2005-08-01,0.0009474855
2005-08-02,0.0070741378
2005-08-03,0.0007392405
2005-08-04,-0.0074006171
2005-08-05,-0.0076676800
2005-08-08,-0.0026862411
2005-08-09,0.0067223446
2005-08-10,-0.0018288896
2005-08-11,0.0070371305
2005-08-12,-0.0060125323
2005-08-15,0.0028243633
2005-08-16,-0.0118458668
2005-08-17,0.0007378520
2005-08-18,-0.0010002794
2005-08-19,0.0005658203
2005-08-22,0.0016547775
2005-08-23,-0.0033944039
2005-08-24,-0.0065920362
2005-08-25,0.0022956866
2005-08-26,-0.0060145868
2005-08-29,0.0059403774
2005-08-30,-0.0031974340
2005-08-31,0.0098158038
2005-09-01,0.0010319830
2005-09-02,-0.0029266554
2005-09-06,0.0125398822
2005-09-07,0.0024050792
2005-09-08,-0.0038005591
2005-09-09,0.0079331928
2005-09-12,-0.0007412628
2005-09-13,-0.0075736739
2005-09-14,-0.0032866795
2005-09-15,0.0004643355
2005-09-16,0.0082575814
2005-09-19,-0.0055813914
2005-09-20,-0.0078945212
2005-09-21,-0.0091629938
2005-09-22,0.0036456718
2005-09-23,0.0005514969
2005-09-26,0.0002797014
2005-09-27,0.0000247024
2005-09-28,0.0010112685
2005-09-29,0.0088278174
2005-09-30,0.0009200159
2005-10-03,-0.0017186718
2005-10-04,-0.0100198537
2005-10-05,-0.0149990419
2005-10-06,-0.0041040850
2005-10-07,0.0036944439
2005-10-10,-0.0071920086
2005-10-11,-0.0020739920
2005-10-12,-0.0060866127
2005-10-13,-0.0007135959
2005-10-14,0.0082338958
2005-10-17,0.0029705698
2005-10-18,-0.0101003806
2005-10-19,0.0148450386
2005-10-20,-0.0151336417
2005-10-21,0.0015185585
2005-10-24,0.0166378692
2005-10-25,-0.0023706694
2005-10-26,-0.0043217881
2005-10-27,-0.0105304822
2005-10-28,0.0164138857
2005-10-31,0.0071505284
2005-11-01,-0.0035273112
2005-11-02,0.0099276105
2005-11-03,0.0042550947
2005-11-04,0.0001639891
2005-11-07,0.0021859186
2005-11-08,-0.0034571123
2005-11-09,0.0016890991
2005-11-10,0.0084107973
2005-11-11,0.0030498790
2005-11-14,-0.0007777750
2005-11-15,-0.0038574498
2005-11-16,0.0017884187
2005-11-17,0.0093695439
2005-11-18,0.0043916705
2005-11-21,0.0052574157
2005-11-22,0.0050713957
2005-11-23,0.0034667880
2005-11-25,0.0020837896
2005-11-28,-0.0085442152
2005-11-29,0.0000159205
2005-11-30,-0.0063822536
2005-12-01,0.0120838042
2005-12-02,0.0003240732
2005-12-05,-0.0023662767
2005-12-06,0.0012748373
2005-12-07,-0.0050216531
2005-12-08,-0.0012175899
2005-12-09,0.0028069479
2005-12-12,0.0008413832
2005-12-13,0.0055382953
2005-12-14,0.0041807786
2005-12-15,-0.0014153110
2005-12-16,-0.0028523459
2005-12-19,-0.0058561304
2005-12-20,-0.0002381775
2005-12-21,0.0025135054
2005-12-22,0.0042118952
2005-12-23,0.0004257674
2005-12-27,-0.0095993092
2005-12-28,0.0012963762
2005-12-29,-0.0029849698
2005-12-30,-0.0048987034
2006-01-03,0.0162969643
2006-01-04,0.0036659644
2006-01-05,0.0000157205
2006-01-06,0.0093555184
2006-01-09,0.0036496960
2006-01-10,-0.0003566756
2006-01-11,0.0034754975
2006-01-12,-0.0062940049
2006-01-13,0.0012044488
2006-01-17,-0.0036412090
2006-01-18,-0.0039049430
2006-01-19,0.0055482533
2006-01-20,-0.0184963224
2006-01-23,0.0018452838
2006-01-24,0.0024025484
2006-01-25,-0.0017222182
2006-01-26,0.0072089075
2006-01-27,0.0077340144
2006-01-30,0.0011444316
2006-01-31,-0.0039839801
2006-02-01,0.0018575364
2006-02-02,-0.0091020058
2006-02-03,-0.0053730195
2006-02-06,0.0007828950
2006-02-07,-0.0081276660
2006-02-08,0.0086255617
2006-02-09,-0.0014785904
2006-02-10,0.0025367478
2006-02-13,-0.0032650225
2006-02-14,0.0099828230
2006-02-15,0.0034982765
2006-02-16,0.0073014085
2006-02-17,-0.0016611026
2006-02-21,-0.0032758929
2006-02-22,0.0074853899
2006-02-23,-0.0037822795
2006-02-24,0.0012727007
2006-02-27,0.0036306218
2006-02-28,-0.0104553270
2006-03-01,0.0082273927
2006-03-02,-0.0016276487
2006-03-03,-0.0014827331
2006-03-06,-0.0069928219
2006-03-07,-0.0018636453
2006-03-08,0.0020278871
2006-03-09,-0.0048927767
2006-03-10,0.0071976215
2006-03-13,0.0021125777
2006-03-14,0.0103424566
2006-03-15,0.0042607556
2006-03-16,0.0017711865
2006-03-17,0.0014698454
2006-03-20,-0.0016613862
2006-03-21,-0.0060331010
2006-03-22,0.0060025147
2006-03-23,-0.0025856324
2006-03-24,0.0009827977
2006-03-27,-0.0010289385
2006-03-28,-0.0064589987
2006-03-29,0.0074419355
2006-03-30,-0.0020283316
2006-03-31,-0.0041462534
2006-04-03,0.0022679734
2006-04-04,0.0062371981
2006-04-05,0.0043018413
2006-04-06,-0.0019232391
2006-04-07,-0.0103973530
2006-04-10,0.0008641538
2006-04-11,-0.0077811541
2006-04-12,0.0012040665
2006-04-13,0.0007760240
2006-04-17,-0.0029443507
2006-04-18,0.0169332046
2006-04-19,0.0020250765
2006-04-20,0.0011672490
2006-04-21,-0.0001372089
2006-04-24,-0.0024204456
2006-04-25,-0.0048815126
2006-04-26,0.0028153703
2006-04-27,0.0032961577
2006-04-28,0.0006793150
2006-05-01,-0.0041440874
2006-05-02,0.0061259127
2006-05-03,-0.0038835036
2006-05-04,0.0031522329
2006-05-05,0.0102426661
2006-05-08,-0.0008300387
2006-05-09,0.0003622767
2006-05-10,-0.0017296437
2006-05-11,-0.0128806747
2006-05-12,-0.0113048175
2006-05-15,0.0025215308
2006-05-16,-0.0018712313
2006-05-17,-0.0169844940
2006-05-18,-0.0067215504
2006-05-19,0.0041283576
2006-05-22,-0.0039224146
2006-05-23,-0.0043594776
2006-05-24,0.0015824032
2006-05-25,0.0113059403
2006-05-26,0.0057030434
2006-05-30,-0.0159765597
2006-05-31,0.0080792000
2006-06-01,0.0122233274
2006-06-02,0.0019503332
2006-06-05,-0.0179600220
2006-06-06,-0.0011387773
2006-06-07,-0.0061110914
2006-06-08,0.0014160484
2006-06-09,-0.0044856560
2006-06-12,-0.0119372175
2006-06-13,-0.0111738459
2006-06-14,0.0051758848
2006-06-15,0.0210127547
2006-06-16,-0.0036846514
2006-06-19,-0.0091586075
2006-06-20,-0.0000080716
2006-06-21,0.0096938201
2006-06-22,-0.0052846434
2006-06-23,-0.0008834791
2006-06-26,0.0048576550
2006-06-27,-0.0091255271
2006-06-28,0.0054724496
2006-06-29,0.0213357692
2006-06-30,-0.0020998596
2006-07-03,0.0078341287
2006-07-05,-0.0072752524
2006-07-06,0.0024911088
2006-07-07,-0.0067728336
2006-07-10,0.0014687074
2006-07-11,0.0040083115
2006-07-12,-0.0109285276
2006-07-13,-0.0130515482
2006-07-14,-0.0049063058
2006-07-17,-0.0013841973
2006-07-18,0.0019179767
2006-07-19,0.0183850643
2006-07-20,-0.0085136495
2006-07-21,-0.0071020582
2006-07-24,0.0164884549
2006-07-25,0.0063009158
2006-07-26,-0.0003783425
2006-07-27,-0.0041081376
2006-07-28,0.0120785162
2006-07-31,-0.0014793422
2006-08-01,-0.0045062371
2006-08-02,0.0050935350
2006-08-03,0.0022363912
2006-08-04,-0.0007110670
2006-08-07,-0.0028100082
2006-08-08,-0.0033683723
2006-08-09,-0.0043587710
2006-08-10,0.0046183389
2006-08-11,-0.0039944653
2006-08-14,0.0011597632
2006-08-15,0.0136035176
2006-08-16,0.0076327836
2006-08-17,0.0015811788
2006-08-18,0.0037080629
2006-08-21,-0.0036772042
2006-08-22,0.0010013534
2006-08-23,-0.0044987603
2006-08-24,0.0023715801
2006-08-25,-0.0007487739
2006-08-28,0.0051524168
2006-08-29,0.0019186056
2006-08-30,0.0008353349
2006-08-31,-0.0011881458
2006-09-01,0.0054994640
2006-09-05,0.0017071409
2006-09-06,-0.0099407289
2006-09-07,-0.0048105850
2006-09-08,0.0037795168
2006-09-11,0.0004772020
2006-09-12,0.0103042096
2006-09-13,0.0038539094
2006-09-14,-0.0013589062
2006-09-15,0.0025645551
2006-09-18,0.0011511638
2006-09-19,-0.0026830486
2006-09-20,0.0057060710
2006-09-21,-0.0054101200
2006-09-22,-0.0024688463
2006-09-25,0.0087765103
2006-09-26,0.0074961147
2006-09-27,0.0001795702
2006-09-28,0.0017118784
2006-09-29,-0.0022656721
2006-10-02,-0.0033968842
2006-10-03,0.0020935010
2006-10-04,0.0119883016
2006-10-05,0.0022342225
2006-10-06,-0.0026860987
2006-10-09,0.0007925699
2006-10-10,0.0020413676
2006-10-11,-0.0025672362
2006-10-12,0.0094958693
2006-10-13,0.0020451466
2006-10-16,0.0025158814
2006-10-17,-0.0036661643
2006-10-18,0.0012821219
2006-10-19,0.0008488943
2006-10-20,0.0011990341
2006-10-23,0.0061334565
2006-10-24,0.0002613893
2006-10-25,0.0035077336
2006-10-26,0.0049507448
2006-10-27,-0.0084875478
2006-10-30,0.0004283340
2006-10-31,0.0000071757
2006-11-01,-0.0073786243
2006-11-02,-0.0003437419
2006-11-03,-0.0022257093
2006-11-06,0.0112825750
2006-11-07,0.0022152433
2006-11-08,0.0020805083
2006-11-09,-0.0053472495
2006-11-10,0.0018628886
2006-11-13,0.0025458329
2006-11-14,0.0063362827
2006-11-15,0.0024015982
2006-11-16,0.0022816083
2006-11-17,0.0010281772
2006-11-20,-0.0004996618
2006-11-21,0.0016480939
2006-11-22,0.0023353688
2006-11-24,-0.0036622353
2006-11-27,-0.0136477900
2006-11-28,0.0034384722
2006-11-29,0.0091594998
2006-11-30,0.0008214138
2006-12-01,-0.0028026958
2006-12-04,0.0088459495
2006-12-05,0.0039945197
2006-12-06,-0.0013155652
2006-12-07,-0.0039784501
2006-12-08,0.0018103016
2006-12-11,0.0022672410
2006-12-12,-0.0010479222
2006-12-13,0.0011681677
2006-12-14,0.0086519224
2006-12-15,0.0011217745
2006-12-18,-0.0032355685
2006-12-19,0.0021559250
2006-12-20,-0.0014180155
2006-12-21,-0.0036807172
2006-12-22,-0.0053304326
2006-12-26,0.0043428306
2006-12-27,0.0069907811
2006-12-28,-0.0014798765
2006-12-29,-0.0045233026
2007-01-03,-0.0011993886
2007-01-04,0.0012275325
2007-01-05,-0.0061031678
2007-01-08,0.0022178571
2007-01-09,-0.0005168095
2007-01-10,0.0019384718
2007-01-11,0.0063198616
2007-01-12,0.0048414271
2007-01-16,0.0008174609
2007-01-17,-0.0008943374
2007-01-18,-0.0029751614
2007-01-19,0.0028912816
2007-01-22,-0.0052918864
2007-01-23,0.0035357071
2007-01-24,0.0084655364
2007-01-25,-0.0113337877
2007-01-26,-0.0012086595
2007-01-29,-0.0010975508
2007-01-30,0.0057554986
2007-01-31,0.0065712458
2007-02-01,0.0053394515
2007-02-02,0.0016930163
2007-02-05,-0.0009670748
2007-02-06,0.0006977639
2007-02-07,0.0013940689
2007-02-08,-0.0011799630
2007-02-09,-0.0071023761
2007-02-12,-0.0032667121
2007-02-13,0.0075687747
2007-02-14,0.0076150121
2007-02-15,0.0010370555
2007-02-16,-0.0008721614
2007-02-20,0.0028402778
2007-02-21,-0.0014054380
2007-02-22,-0.0008579244
2007-02-23,-0.0035700390
2007-02-26,-0.0012548932
2007-02-27,-0.0353426608
2007-02-28,0.0055454850
2007-03-01,-0.0025978060
2007-03-02,-0.0114682618
2007-03-05,-0.0094522095
2007-03-06,0.0153747807
2007-03-07,-0.0024683145
2007-03-08,0.0071013477
2007-03-09,0.0006773923
2007-03-12,0.0026766986
2007-03-13,-0.0205785755
2007-03-14,0.0066688802
2007-03-15,0.0036769800
2007-03-16,-0.0038356557
2007-03-19,0.0108355690
2007-03-20,0.0063134819
2007-03-21,0.0169366432
2007-03-22,-0.0003484830
2007-03-23,0.0010937916
2007-03-26,0.0009674345
2007-03-27,-0.0062035604
2007-03-28,-0.0079976848
2007-03-29,0.0037327485
2007-03-30,-0.0011746852
2007-04-02,0.0025936969
2007-04-03,0.0092373071
2007-04-04,0.0011121987
2007-04-05,0.0030453140
2007-04-09,0.0005885504
2007-04-10,0.0026132260
2007-04-11,-0.0065945249
2007-04-12,0.0061871167
2007-04-13,0.0034819312
2007-04-16,0.0105985429
2007-04-17,0.0021430131
2007-04-18,0.0006929528
2007-04-19,-0.0012027737
2007-04-20,0.0092180867
2007-04-23,-0.0023066445
2007-04-24,-0.0003512055
2007-04-25,0.0100880337
2007-04-26,-0.0007827245
2007-04-27,-0.0001205050
2007-04-30,-0.0078617487
2007-05-01,0.0026476880
2007-05-02,0.0064515885
2007-05-03,0.0043157516
2007-05-04,0.0021475871
2007-05-07,0.0025604375
2007-05-08,-0.0011666512
2007-05-09,0.0032182165
2007-05-10,-0.0140545819
2007-05-11,0.0095953155
2007-05-14,-0.0017945842
2007-05-15,-0.0013048345
2007-05-16,0.0085895428
2007-05-17,-0.0009184442
2007-05-18,0.0065887242
2007-05-21,0.0015420549
2007-05-22,-0.0006427746
2007-05-23,-0.0012079609
2007-05-24,-0.0097499407
2007-05-25,0.0054378686
2007-05-29,0.0015689723
2007-05-30,0.0079519077
2007-05-31,0.0002548407
2007-06-01,0.0037300633
2007-06-04,0.0018468998
2007-06-05,-0.0053614161
2007-06-06,-0.0089032592
2007-06-07,-0.0177259615
2007-06-08,0.0113062368
2007-06-11,0.0009612544
2007-06-12,-0.0107391777
2007-06-13,0.0150700959
2007-06-14,0.0048047421
2007-06-15,0.0065055555
2007-06-18,-0.0012141056
2007-06-19,0.0017292784
2007-06-20,-0.0136944284
2007-06-21,0.0061613924
2007-06-22,-0.0129796898
2007-06-25,-0.0032130603
2007-06-26,-0.0032434503
2007-06-27,0.0089689963
2007-06-28,-0.0004183230
2007-06-29,-0.0015685868
2007-07-02,0.0106393649
2007-07-03,0.0035738574
2007-07-05,0.0003475294
2007-07-06,0.0032985507
2007-07-09,0.0009209019
2007-07-10,-0.0142870247
2007-07-11,0.0057051042
2007-07-12,0.0188757075
2007-07-13,0.0030966084
2007-07-16,-0.0019213167
2007-07-17,-0.0000968246
2007-07-18,-0.0020674598
2007-07-19,0.0044590940
2007-07-20,-0.0122961538
2007-07-23,0.0048574688
2007-07-24,-0.0200031615
2007-07-25,0.0046547619
2007-07-26,-0.0236151483
2007-07-27,-0.0161208295
2007-07-30,0.0102017913
2007-07-31,-0.0127272929
2007-08-01,0.0072165668
2007-08-02,0.0043498168
2007-08-03,-0.0269457884
2007-08-06,0.0238640802
2007-08-07,0.0061404747
2007-08-08,0.0139737528
2007-08-09,-0.0300980667
2007-08-10,0.0003784657
2007-08-13,-0.0004954109
2007-08-14,-0.0183233955
2007-08-15,-0.0140054582
2007-08-16,0.0032435210
2007-08-17,0.0242695665
2007-08-20,-0.0002696828
2007-08-21,0.0010854653
2007-08-22,0.0116448209
2007-08-23,-0.0010728918
2007-08-24,0.0114690181
2007-08-27,-0.0085399519
2007-08-28,-0.0237529429
2007-08-29,0.0216850510
2007-08-30,-0.0041897748
2007-08-31,0.0111543033
2007-09-04,0.0104138091
2007-09-05,-0.0115677736
2007-09-06,0.0042428725
2007-09-07,-0.0170530371
2007-09-10,-0.0012736239
2007-09-11,0.0135402364
2007-09-12,0.0000476162
2007-09-13,0.0083843162
2007-09-14,0.0002021756
2007-09-17,-0.0051335690
2007-09-18,0.0287895816
2007-09-19,0.0060679598
2007-09-20,-0.0067459385
2007-09-21,0.0045984643
2007-09-24,-0.0052703078
2007-09-25,-0.0003426885
2007-09-26,0.0053967146
2007-09-27,0.0038994821
2007-09-28,-0.0030279997
2007-10-01,0.0132021599
2007-10-02,-0.0002650795
2007-10-03,-0.0045622485
2007-10-04,0.0021087267
2007-10-05,0.0095148812
2007-10-08,-0.0032216980
2007-10-09,0.0080636467
2007-10-10,-0.0017137979
2007-10-11,-0.0051718093
2007-10-12,0.0047429591
2007-10-15,-0.0084167324
2007-10-16,-0.0065948670
2007-10-17,0.0017598468
2007-10-18,-0.0007529463
2007-10-19,-0.0259493114
2007-10-22,0.0037911765
2007-10-23,0.0087643394
2007-10-24,-0.0024444075
2007-10-25,-0.0009767946
2007-10-26,0.0136934569
2007-10-29,0.0037057711
2007-10-30,-0.0064843723
2007-10-31,0.0119206614
2007-11-01,-0.0267788887
2007-11-02,0.0008018867
2007-11-05,-0.0049670934
2007-11-06,0.0119772049
2007-11-07,-0.0298097264
2007-11-08,-0.0005761785
2007-11-09,-0.0143900618
2007-11-12,-0.0100384526
2007-11-13,0.0286777844
2007-11-14,-0.0070944777
2007-11-15,-0.0133004885
2007-11-16,0.0052166804
2007-11-19,-0.0176144821
2007-11-20,0.0044761640
2007-11-21,-0.0160550781
2007-11-23,0.0167494261
2007-11-26,-0.0235129666
2007-11-27,0.0148197956
2007-11-28,0.0281596234
2007-11-29,0.0004763614
2007-11-30,0.0077401849
2007-12-03,-0.0059047359
2007-12-04,-0.0065617378
2007-12-05,0.0150759150
2007-12-06,0.0149249725
2007-12-07,-0.0017795036
2007-12-10,0.0074818941
2007-12-11,-0.0255958714
2007-12-12,0.0060318790
2007-12-13,0.0012235755
2007-12-14,-0.0138416227
2007-12-17,-0.0151348545
2007-12-18,0.0062601595
2007-12-19,-0.0013617568
2007-12-20,0.0048882362
2007-12-21,0.0165324227
2007-12-24,0.0080445604
2007-12-26,0.0008083090
2007-12-27,-0.0143852634
2007-12-28,0.0015026406
2007-12-31,-0.0068751683
2008-01-02,-0.0145430830
2008-01-03,0.0000000000
2008-01-04,-0.0248579702
2008-01-07,0.0032180752
2008-01-08,-0.0185227575
2008-01-09,0.0135321098
2008-01-10,0.0079167119
2008-01-11,-0.0136886513
2008-01-14,0.0108119766
2008-01-15,-0.0252409006
2008-01-16,-0.0056278857
2008-01-17,-0.0295241765
2008-01-18,-0.0060637693
2008-01-22,-0.0111470574
2008-01-23,0.0212155297
2008-01-24,0.0100124383
2008-01-25,-0.0159992390
2008-01-28,0.0173961304
2008-01-29,0.0061408805
2008-01-30,-0.0047753787
2008-01-31,0.0166331526
2008-02-01,0.0121632192
2008-02-04,-0.0105179900
2008-02-05,-0.0325184734
2008-02-06,-0.0076528494
2008-02-07,0.0078548426
2008-02-08,-0.0042125802
2008-02-11,0.0058717267
2008-02-12,0.0072396274
2008-02-13,0.0135123580
2008-02-14,-0.0135123580
2008-02-15,0.0008373974
2008-02-19,-0.0008966759
2008-02-20,0.0083062780
2008-02-21,-0.0129508645
2008-02-22,0.0078497205
2008-02-25,0.0137181458
2008-02-26,0.0068940917
2008-02-27,-0.0009198674
2008-02-28,-0.0089820930
2008-02-29,-0.0274633950
2008-03-03,0.0005334102
2008-03-04,-0.0034535854
2008-03-05,0.0052246553
2008-03-06,-0.0222598585
2008-03-07,-0.0084459282
2008-03-10,-0.0155842858
2008-03-11,0.0364571326
2008-03-12,-0.0090362784
2008-03-13,0.0051138234
2008-03-14,-0.0210022744
2008-03-17,-0.0089990541
2008-03-18,0.0415348964
2008-03-19,-0.0245869966
2008-03-20,0.0236622861
2008-03-24,0.0152052426
2008-03-25,0.0023012477
2008-03-26,-0.0088044051
2008-03-27,-0.0115266585
2008-03-28,-0.0079819575
2008-03-31,0.0056711354
2008-04-01,0.0352670921
2008-04-02,-0.0019359429
2008-04-03,0.0013007918
2008-04-04,0.0007956797
2008-04-07,0.0015603805
2008-04-08,-0.0051130829
2008-04-09,-0.0081249909
2008-04-10,0.0044640731
2008-04-11,-0.0205845974
2008-04-14,-0.0033895228
2008-04-15,0.0045893292
2008-04-16,0.0224376486
2008-04-17,0.0006227206
2008-04-18,0.0179764536
2008-04-21,-0.0015547328
2008-04-22,-0.0088492733
2008-04-23,0.0028957208
2008-04-24,0.0064216149
2008-04-25,0.0064737365
2008-04-28,-0.0010521549
2008-04-29,-0.0038962733
2008-04-30,-0.0038537184
2008-05-01,0.0169954684
2008-05-02,0.0032303754
2008-05-05,-0.0045438916
2008-05-06,0.0076228058
2008-05-07,-0.0182798527
2008-05-08,0.0036628353
2008-05-09,-0.0067481657
2008-05-12,0.0109604923
2008-05-13,-0.0003847454
2008-05-14,0.0039975833
2008-05-15,0.0105288412
2008-05-16,0.0012496171
2008-05-19,0.0008976426
2008-05-20,-0.0093168565
2008-05-21,-0.0161837865
2008-05-22,0.0026139593
2008-05-23,-0.0132984342
2008-05-27,0.0068228925
2008-05-28,0.0039550589
2008-05-29,0.0053207569
2008-05-30,0.0015150184
2008-06-02,-0.0105598230
2008-06-03,-0.0058046421
2008-06-04,-0.0003267497
2008-06-05,0.0193085353
2008-06-06,-0.0313763380
2008-06-09,0.0007933737
2008-06-10,-0.0024410485
2008-06-11,-0.0170386810
2008-06-12,0.0032743323
2008-06-13,0.0149341892
2008-06-16,0.0000808665
2008-06-17,-0.0067943625
2008-06-18,-0.0097592915
2008-06-19,0.0037453021
2008-06-20,-0.0187169299
2008-06-23,0.0000530714
2008-06-24,-0.0028188105
2008-06-25,0.0058264005
2008-06-26,-0.0298050148
2008-06-27,-0.0037243561
2008-06-30,0.0012664228
2008-07-01,0.0038286257
2008-07-02,-0.0183713450
2008-07-03,0.0010933244
2008-07-07,-0.0084207904
2008-07-08,0.0169361196
2008-07-09,-0.0230395564
2008-07-10,0.0069654363
2008-07-11,-0.0111518954
2008-07-14,-0.0090688575
2008-07-15,-0.0109611112
2008-07-16,0.0247546049
2008-07-17,0.0119409814
2008-07-18,0.0002856862
2008-07-21,-0.0005395796
2008-07-22,0.0134018561
2008-07-23,0.0040559307
2008-07-24,-0.0233959870
2008-07-25,0.0041588480
2008-07-28,-0.0187716543
2008-07-29,0.0230874308
2008-07-30,0.0165345393
2008-07-31,-0.0132309033
2008-08-01,-0.0055940124
2008-08-04,-0.0090065236
2008-08-05,0.0283140872
2008-08-06,0.0033487362
2008-08-07,-0.0180964967
2008-08-08,0.0236118676
2008-08-11,0.0069187407
2008-08-12,-0.0121238684
2008-08-13,-0.0029199218
2008-08-14,0.0055066121
2008-08-15,0.0040676498
2008-08-18,-0.0152129417
2008-08-19,-0.0093585576
2008-08-20,0.0061782072
2008-08-21,0.0024918568
2008-08-22,0.0112689377
2008-08-25,-0.0198205705
2008-08-26,0.0036795944
2008-08-27,0.0079509611
2008-08-28,0.0147311065
2008-08-29,-0.0138187053
2008-09-02,-0.0041009116
2008-09-03,-0.0020371522
2008-09-04,-0.0303788577
2008-09-05,0.0044209778
2008-09-08,0.0203026610
2008-09-09,-0.0347344860
2008-09-10,0.0061305919
2008-09-11,0.0137119376
2008-09-12,0.0021192869
2008-09-15,-0.0482829847
2008-09-16,0.0173715253
2008-09-17,-0.0482880327
2008-09-18,0.0424288063
2008-09-19,0.0394673780
2008-09-22,-0.0389868045
2008-09-23,-0.0157561117
2008-09-24,-0.0019796860
2008-09-25,0.0194658100
2008-09-26,0.0033767216
2008-09-29,-0.0921895923
2008-09-30,0.0527581580
2008-10-01,-0.0045543441
2008-10-02,-0.0411249487
2008-10-03,-0.0135985658
2008-10-06,-0.0392792697
2008-10-07,-0.0591077912
2008-10-08,-0.0113974069
2008-10-09,-0.0792240633
2008-10-10,-0.0118289765
2008-10-13,0.1095719676
2008-10-14,-0.0053363498
2008-10-15,-0.0946951249
2008-10-16,0.0416288223
2008-10-17,-0.0062322059
2008-10-20,0.0465828773
2008-10-21,-0.0312839925
2008-10-22,-0.0629530797
2008-10-23,0.0125548978
2008-10-24,-0.0351207780
2008-10-27,-0.0322797893
2008-10-28,0.1024573585
2008-10-29,-0.0111409072
2008-10-30,0.0254766502
2008-10-31,0.0152485459
2008-11-03,-0.0025322483
2008-11-04,0.0400144785
2008-11-05,-0.0541152589
2008-11-06,-0.0515712083
2008-11-07,0.0284461820
2008-11-10,-0.0127338962
2008-11-11,-0.0222872003
2008-11-12,-0.0532888659
2008-11-13,0.0669225908
2008-11-14,-0.0425934906
2008-11-17,-0.0261493500
2008-11-18,0.0097902905
2008-11-19,-0.0631054960
2008-11-20,-0.0694818454
2008-11-21,0.0613280011
2008-11-24,0.0627142308
2008-11-25,0.0065294136
2008-11-26,0.0347184014
2008-11-28,0.0095969139
2008-12-01,-0.0935365216
2008-12-02,0.0391636640
2008-12-03,0.0255080479
2008-12-04,-0.0297464998
2008-12-05,0.0358490909
2008-12-08,0.0376688835
2008-12-09,-0.0233889445
2008-12-10,0.0118240075
2008-12-11,-0.0289387625
2008-12-12,0.0070038312
2008-12-15,-0.0127668304
2008-12-16,0.0500848158
2008-12-17,-0.0096391700
2008-12-18,-0.0213898231
2008-12-19,0.0029325920
2008-12-22,-0.0184715767
2008-12-23,-0.0097649850
2008-12-24,0.0057644964
2008-12-26,0.0053418816
2008-12-29,-0.0038801175
2008-12-30,0.0241140189
2008-12-31,0.0140590482
2009-01-02,0.0311188163
2009-01-05,-0.0046792884
2009-01-06,0.0077867374
2009-01-07,-0.0304691202
2009-01-08,0.0033913157
2009-01-09,-0.0215332143
2009-01-12,-0.0228225876
2009-01-13,0.0017565152
2009-01-14,-0.0340324645
2009-01-15,0.0013282992
2009-01-16,0.0075331316
2009-01-20,-0.0542620146
2009-01-21,0.0425720581
2009-01-22,-0.0152784464
2009-01-23,0.0053632503
2009-01-26,0.0055378502
2009-01-27,0.0108663295
2009-01-28,0.0330068387
2009-01-29,-0.0336810645
2009-01-30,-0.0230528210
2009-02-02,-0.0005329100
2009-02-03,0.0157099384
2009-02-04,-0.0075176974
2009-02-05,0.0162331886
2009-02-06,0.0265406819
2009-02-09,0.0014840917
2009-02-10,-0.0503686695
2009-02-11,0.0079234772
2009-02-12,0.0017376554
2009-02-13,-0.0100480084
2009-02-17,-0.0466294998
2009-02-18,-0.0009508175
2009-02-19,-0.0120968969
2009-02-20,-0.0114785923
2009-02-23,-0.0353153175
2009-02-24,0.0393200492
2009-02-25,-0.0107150254
2009-02-26,-0.0159056768
2009-02-27,-0.0238464842
2009-03-02,-0.0477418888
2009-03-03,-0.0064273780
2009-03-04,0.0234753583
2009-03-05,-0.0434633022
2009-03-06,0.0012153144
2009-03-09,-0.0100742451
2009-03-10,0.0617186323
2009-03-11,0.0024428307
2009-03-12,0.0399210749
2009-03-13,0.0077092350
2009-03-16,-0.0035221206
2009-03-17,0.0316342595
2009-03-18,0.0206433918
2009-03-19,-0.0130641280
2009-03-20,-0.0199674290
2009-03-23,0.0683663874
2009-03-24,-0.0206263611
2009-03-25,0.0095803322
2009-03-26,0.0230526022
2009-03-27,-0.0205247174
2009-03-30,-0.0354393234
2009-03-31,0.0130441684
2009-04-01,0.0164210432
2009-04-02,0.0283222260
2009-04-03,0.0096847223
2009-04-06,-0.0083672756
2009-04-07,-0.0241436693
2009-04-08,0.0117145571
2009-04-09,0.0373470906
2009-04-13,0.0025301659
2009-04-14,-0.0202685172
2009-04-15,0.0124709304
2009-04-16,0.0154193095
2009-04-17,0.0049570542
2009-04-20,-0.0437322091
2009-04-21,0.0210293842
2009-04-22,-0.0077113202
2009-04-23,0.0098734431
2009-04-24,0.0166578340
2009-04-27,-0.0101175875
2009-04-28,-0.0027442976
2009-04-29,0.0213798537
2009-04-30,-0.0009505192
2009-05-01,0.0053818803
2009-05-04,0.0333072436
2009-05-05,-0.0037989295
2009-05-06,0.0172546183
2009-05-07,-0.0132903390
2009-05-08,0.0237839024
2009-05-11,-0.0217471902
2009-05-12,-0.0009793350
2009-05-13,-0.0272631985
2009-05-14,0.0102984320
2009-05-15,-0.0114756769
2009-05-18,0.0299365950
2009-05-19,-0.0017383460
2009-05-20,-0.0051446727
2009-05-21,-0.0168995580
2009-05-22,-0.0014983325
2009-05-26,0.0259622076
2009-05-27,-0.0191534248
2009-05-28,0.0153012552
2009-05-29,0.0134834459
2009-06-01,0.0254899439
2009-06-02,0.0019813370
2009-06-03,-0.0138344658
2009-06-04,0.0114182201
2009-06-05,-0.0025178575
2009-06-08,-0.0010110655
2009-06-09,0.0034970598
2009-06-10,-0.0034864014
2009-06-11,0.0060932972
2009-06-12,0.0013960208
2009-06-15,-0.0240555913
2009-06-16,-0.0128019010
2009-06-17,-0.0013825235
2009-06-18,0.0083758150
2009-06-19,0.0031093582
2009-06-22,-0.0310783643
2009-06-23,0.0023040685
2009-06-24,0.0065032488
2009-06-25,0.0212175840
2009-06-26,-0.0014789203
2009-06-29,0.0090242968
2009-06-30,-0.0085673516
2009-07-01,0.0043524446
2009-07-02,-0.0295776848
2009-07-06,0.0025624621
2009-07-07,-0.0198797854
2009-07-08,-0.0016699312
2009-07-09,0.0035409461
2009-07-10,-0.0040299381
2009-07-13,0.0246279488
2009-07-14,0.0053019832
2009-07-15,0.0291994349
2009-07-16,0.0086046347
2009-07-17,-0.0003827351
2009-07-20,0.0113667025
2009-07-21,0.0036207145
2009-07-22,-0.0005344194
2009-07-23,0.0230225992
2009-07-24,0.0030375434
2009-07-27,0.0029773891
2009-07-28,-0.0026098471
2009-07-29,-0.0045734060
2009-07-30,0.0118253842
2009-07-31,0.0007395091
2009-08-03,0.0152256078
2009-08-04,0.0030075704
2009-08-05,-0.0029178446
2009-08-06,-0.0056405327
2009-08-07,0.0133497005
2009-08-10,-0.0033505567
2009-08-11,-0.0127409356
2009-08-12,0.0114592308
2009-08-13,0.0068564508
2009-08-14,-0.0085679500
2009-08-17,-0.0245599608
2009-08-18,0.0100945334
2009-08-19,0.0068374834
2009-08-20,0.0108892280
2009-08-21,0.0184514797
2009-08-24,-0.0005459459
2009-08-25,0.0023666638
2009-08-26,0.0001167200
2009-08-27,0.0027779003
2009-08-28,-0.0019903077
2009-08-31,-0.0081091985
2009-09-01,-0.0223722263
2009-09-02,-0.0033018843
2009-09-03,0.0084985825
2009-09-04,0.0130322437
2009-09-08,0.0088060458
2009-09-09,0.0077522590
2009-09-10,0.0103682928
2009-09-11,-0.0013513390
2009-09-14,0.0063191074
2009-09-15,0.0031304365
2009-09-16,0.0152073081
2009-09-17,-0.0030643290
2009-09-18,0.0026338676
2009-09-21,-0.0034131142
2009-09-22,0.0065533486
2009-09-23,-0.0101195585
2009-09-24,-0.0095565482
2009-09-25,-0.0061093608
2009-09-28,0.0176528535
2009-09-29,-0.0022320656
2009-09-30,-0.0033338521
2009-10-01,-0.0260972115
2009-10-02,-0.0045157053
2009-10-05,0.0147654540
2009-10-06,0.0136124156
2009-10-07,0.0027079366
2009-10-08,0.0074421459
2009-10-09,0.0056248105
2009-10-12,0.0043767776
2009-10-13,-0.0027915046
2009-10-14,0.0173937431
2009-10-15,0.0041488503
2009-10-16,-0.0081310235
2009-10-19,0.0093613667
2009-10-20,-0.0062586492
2009-10-21,-0.0088932339
2009-10-22,0.0105873744
2009-10-23,-0.0122533154
2009-10-26,-0.0117865144
2009-10-27,-0.0033233071
2009-10-28,-0.0197343861
2009-10-29,0.0222701243
2009-10-30,-0.0284660280
2009-11-02,0.0064356532
2009-11-03,0.0024230643
2009-11-04,0.0010420772
2009-11-05,0.0190528872
2009-11-06,0.0025001243
2009-11-09,0.0219950849
2009-11-10,-0.0000639921
2009-11-11,0.0050193578
2009-11-12,-0.0103123591
2009-11-13,0.0057228873
2009-11-16,0.0143639766
2009-11-17,0.0009189839
2009-11-18,-0.0004683508
2009-11-19,-0.0135168057
2009-11-20,-0.0032201022
2009-11-23,0.0135239139
2009-11-24,-0.0005334495
2009-11-25,0.0044940069
2009-11-27,-0.0173837000
2009-11-30,0.0037858184
2009-12-01,0.0120029026
2009-12-02,0.0003426400
2009-12-03,-0.0084375975
2009-12-04,0.0054943123
2009-12-07,-0.0024714329
2009-12-08,-0.0103044921
2009-12-09,0.0036656454
2009-12-10,0.0058227200
2009-12-11,0.0036763280
2009-12-14,0.0069352962
2009-12-15,-0.0055624088
2009-12-16,0.0011275941
2009-12-17,-0.0118809135
2009-12-18,0.0058129520
2009-12-21,0.0104489771
2009-12-22,0.0035572135
2009-12-23,0.0022960207
2009-12-24,0.0052424075
2009-12-28,0.0011534153
2009-12-29,-0.0014020341
2009-12-30,0.0001954105
2009-12-31,-0.0101004359
2010-01-04,0.0159160822
2010-01-05,0.0031108320
2010-01-06,0.0005453719
2010-01-07,0.0039932184
2010-01-08,0.0028775831
2010-01-11,0.0017452316
2010-01-12,-0.0094254464
2010-01-13,0.0082914563
2010-01-14,0.0024234864
2010-01-15,-0.0108821263
2010-01-19,0.0124221512
2010-01-20,-0.0106543866
2010-01-21,-0.0191266573
2010-01-22,-0.0223897796
2010-01-25,0.0045875591
2010-01-26,-0.0042120578
2010-01-27,0.0048682829
2010-01-28,-0.0118881255
2010-01-29,-0.0098777990
2010-02-01,0.0141653055
2010-02-02,0.0128895204
2010-02-03,-0.0054893504
2010-02-04,-0.0316358560
2010-02-05,0.0028929304
2010-02-08,-0.0089028031
2010-02-09,0.0129558418
2010-02-10,-0.0022350694
2010-02-11,0.0096338823
2010-02-12,-0.0027483661
2010-02-16,0.0178406535
2010-02-17,0.0042290046
2010-02-18,0.0065631577
2010-02-19,0.0021842349
2010-02-22,-0.0010464051
2010-02-23,-0.0121766449
2010-02-24,0.0096735197
2010-02-25,-0.0020832086
2010-02-26,0.0014043926
2010-03-01,0.0101072574
2010-03-02,0.0023277310
2010-03-03,0.0004291095
2010-03-04,0.0037291561
2010-03-05,0.0139102828
2010-03-08,-0.0001756114
2010-03-09,0.0017112720
2010-03-10,0.0045143549
2010-03-11,0.0040333743
2010-03-12,-0.0002173696
2010-03-15,0.0004520926
2010-03-16,0.0077490150
2010-03-17,0.0058047953
2010-03-18,-0.0003258991
2010-03-19,-0.0050994265
2010-03-22,0.0050823591
2010-03-23,0.0071453778
2010-03-24,-0.0055084479
2010-03-25,-0.0017056211
2010-03-26,0.0007374506
2010-03-29,0.0056671463
2010-03-30,0.0000426585
2010-03-31,-0.0032782423
2010-04-01,0.0073864540
2010-04-05,0.0078967294
2010-04-06,0.0016828789
2010-04-07,-0.0058940430
2010-04-08,0.0033686614
2010-04-09,0.0066616683
2010-04-12,0.0017650509
2010-04-13,0.0006851660
2010-04-14,0.0110883631
2010-04-15,0.0008421840
2010-04-16,-0.0162579824
2010-04-19,0.0045111407
2010-04-20,0.0080260457
2010-04-21,-0.0010195164
2010-04-22,0.0022613206
2010-04-23,0.0070982677
2010-04-26,-0.0043057044
2010-04-27,-0.0236596402
2010-04-28,0.0064419584
2010-04-29,0.0128601803
2010-04-30,-0.0167878101
2010-05-03,0.0130352575
2010-05-04,-0.0241272000
2010-05-05,-0.0066083418
2010-05-06,-0.0328884406
2010-05-07,-0.0154266462
2010-05-10,0.0430347041
2010-05-11,-0.0034030759
2010-05-12,0.0136459924
2010-05-13,-0.0122194999
2010-05-14,-0.0189789814
2010-05-17,0.0011087536
2010-05-18,-0.0142976318
2010-05-19,-0.0051434689
2010-05-20,-0.0397557958
2010-05-21,0.0149126326
2010-05-24,-0.0129920463
2010-05-25,0.0003538748
2010-05-26,-0.0056770787
2010-05-27,0.0323473118
2010-05-28,-0.0124518923
2010-06-01,-0.0173143533
2010-06-02,0.0255144281
2010-06-03,0.0040431920
2010-06-04,-0.0350174421
2010-06-07,-0.0136244662
2010-06-08,0.0109162676
2010-06-09,-0.0059593967
2010-06-10,0.0290798457
2010-06-11,0.0043701157
2010-06-14,-0.0018062939
2010-06-15,0.0232224506
2010-06-16,-0.0005560894
2010-06-17,0.0012821858
2010-06-18,0.0013162641
2010-06-21,-0.0038642979
2010-06-22,-0.0162012251
2010-06-23,-0.0029899393
2010-06-24,-0.0169462832
2010-06-25,0.0028552819
2010-06-28,-0.0020360096
2010-06-29,-0.0315082303
2010-06-30,-0.0101644540
2010-07-01,-0.0032457133
2010-07-02,-0.0046732718
2010-07-06,0.0053447259
2010-07-07,0.0308500230
2010-07-08,0.0093686550
2010-07-09,0.0071780638
2010-07-12,0.0007326336
2010-07-13,0.0152618227
2010-07-14,-0.0001551437
2010-07-15,0.0011953886
2010-07-16,-0.0292429097
2010-07-19,0.0059640696
2010-07-20,0.0113518742
2010-07-21,-0.0129026996
2010-07-22,0.0222636878
2010-07-23,0.0081864202
2010-07-26,0.0111379087
2010-07-27,-0.0010499083
2010-07-28,-0.0069460326
2010-07-29,-0.0041672922
2010-07-30,0.0000634972
2010-08-02,0.0217835288
2010-08-03,-0.0048078946
2010-08-04,0.0060328781
2010-08-05,-0.0012693298
2010-08-06,-0.0037109156
2010-08-09,0.0054680871
2010-08-10,-0.0059852816
2010-08-11,-0.0285834060
2010-08-12,-0.0053932664
2010-08-13,-0.0040316907
2010-08-16,0.0001204513
2010-08-17,0.0121184896
2010-08-18,0.0014816805
2010-08-19,-0.0170804359
2010-08-20,-0.0036697539
2010-08-23,-0.0040484908
2010-08-24,-0.0146187684
2010-08-25,0.0032839447
2010-08-26,-0.0077144666
2010-08-27,0.0164507104
2010-08-30,-0.0148286111
2010-08-31,0.0003907181
2010-09-01,0.0290777364
2010-09-02,0.0090398530
2010-09-03,0.0131323938
2010-09-07,-0.0115374914
2010-09-08,0.0064180595
2010-09-09,0.0048206521
2010-09-10,0.0048515450
2010-09-13,0.0110691266
2010-09-14,-0.0007133739
2010-09-15,0.0035348838
2010-09-16,-0.0003644101
2010-09-17,0.0008265141
2010-09-20,0.0150952879
2010-09-21,-0.0025673131
2010-09-22,-0.0048371728
2010-09-23,-0.0083662402
2010-09-24,0.0209729155
2010-09-27,-0.0056835532
2010-09-28,0.0048386607
2010-09-29,-0.0025911129
2010-09-30,-0.0030884867
2010-10-01,0.0044067144
2010-10-04,-0.0080673865
2010-10-05,0.0206467225
2010-10-06,-0.0006722305
2010-10-07,-0.0016478756
2010-10-08,0.0061036132
2010-10-11,0.0001458263
2010-10-12,0.0038114837
2010-10-13,0.0070957856
2010-10-14,-0.0036480322
2010-10-15,0.0020254329
2010-10-18,0.0072176347
2010-10-19,-0.0160046440
2010-10-20,0.0104690826
2010-10-21,0.0017723370
2010-10-22,0.0023864088
2010-10-25,0.0021446701
2010-10-26,0.0000168851
2010-10-27,-0.0026942096
2010-10-28,0.0011242172
2010-10-29,-0.0004393838
2010-11-01,0.0009460857
2010-11-02,0.0077293361
2010-11-03,0.0036713064
2010-11-04,0.0190993044
2010-11-05,0.0039150791
2010-11-08,-0.0021232098
2010-11-09,-0.0080848945
2010-11-10,0.0043665336
2010-11-11,-0.0042511499
2010-11-12,-0.0118787662
2010-11-15,-0.0012181773
2010-11-16,-0.0163381574
2010-11-17,0.0002121404
2010-11-18,0.0152405835
2010-11-19,0.0025371519
2010-11-22,-0.0015766089
2010-11-23,-0.0143870316
2010-11-24,0.0148127155
2010-11-26,-0.0074965914
2010-11-29,-0.0013798103
2010-11-30,-0.0060887156
2010-12-01,0.0213866223
2010-12-02,0.0127371002
2010-12-03,0.0025998540
2010-12-06,-0.0012990821
2010-12-07,0.0005149476
2010-12-08,0.0036949258
2010-12-09,0.0038353836
2010-12-10,0.0059837037
2010-12-13,0.0000483192
2010-12-14,0.0009105417
2010-12-15,-0.0051356170
2010-12-16,0.0061660457
2010-12-17,0.0008364545
2010-12-20,0.0025451115
2010-12-21,0.0060119938
2010-12-22,0.0033738576
2010-12-23,-0.0016456818
2010-12-27,0.0006125096
2010-12-28,0.0007710266
2010-12-29,0.0010086365
2010-12-30,-0.0015093577
2010-12-31,-0.0001908077
2011-01-03,0.0112512941
2011-01-04,-0.0013139247
2011-01-05,0.0049946761
2011-01-06,-0.0021252144
2011-01-07,-0.0018464858
2011-01-10,-0.0013772752
2011-01-11,0.0037182063
2011-01-12,0.0089672538
2011-01-13,-0.0017122112
2011-01-14,0.0073574103
2011-01-18,0.0013754643
2011-01-19,-0.0101671658
2011-01-20,-0.0012957984
2011-01-21,0.0024106376
2011-01-24,0.0058193152
2011-01-25,0.0002634278
2011-01-26,0.0042120241
2011-01-27,0.0022417911
2011-01-28,-0.0180138054
2011-01-31,0.0076333499
2011-02-01,0.0165557918
2011-02-02,-0.0027262303
2011-02-03,0.0023514323
2011-02-04,0.0028801111
2011-02-07,0.0062207823
2011-02-08,0.0041760204
2011-02-09,-0.0027896531
2011-02-10,0.0007492122
2011-02-11,0.0054922615
2011-02-14,0.0023820846
2011-02-15,-0.0032401547
2011-02-16,0.0062379387
2011-02-17,0.0030709709
2011-02-18,0.0019228727
2011-02-22,-0.0207422049
2011-02-23,-0.0061307150
2011-02-24,-0.0009948720
2011-02-25,0.0104952482
2011-02-28,0.0055456800
2011-03-01,-0.0158648618
2011-03-02,0.0016138979
2011-03-03,0.0170724346
2011-03-04,-0.0074053898
2011-03-07,-0.0083762153
2011-03-08,0.0088831615
2011-03-09,-0.0013626314
2011-03-10,-0.0190512805
2011-03-11,0.0070555645
2011-03-14,-0.0060676970
2011-03-15,-0.0112635444
2011-03-16,-0.0196874819
2011-03-17,0.0133092662
2011-03-18,0.0043009396
2011-03-21,0.0148746679
2011-03-22,-0.0035568853
2011-03-23,0.0029097423
2011-03-24,0.0092973934
2011-03-25,0.0031561510
2011-03-28,-0.0027516185
2011-03-29,0.0070352396
2011-03-30,0.0066624626
2011-03-31,-0.0018311771
2011-04-01,0.0049507129
2011-04-04,0.0003451502
2011-04-05,-0.0001800715
2011-04-06,0.0021812968
2011-04-07,-0.0015211627
2011-04-08,-0.0040124830
2011-04-11,-0.0027972883
2011-04-12,-0.0078070954
2011-04-13,0.0001902175
2011-04-14,0.0000836731
2011-04-15,0.0039177288
2011-04-18,-0.0110789977
2011-04-19,0.0057148102
2011-04-20,0.0134244351
2011-04-21,0.0052629085
2011-04-25,-0.0015939396
2011-04-26,0.0089395078
2011-04-27,0.0062303978
2011-04-28,0.0035491185
2011-04-29,0.0022980197
2011-05-02,-0.0017542491
2011-05-03,-0.0033850264
2011-05-04,-0.0068789143
2011-05-05,-0.0091112172
2011-05-06,0.0038126430
2011-05-09,0.0045338701
2011-05-10,0.0080416160
2011-05-11,-0.0111736897
2011-05-12,0.0048834937
2011-05-13,-0.0081000470
2011-05-16,-0.0062237186
2011-05-17,-0.0003686285
2011-05-18,0.0087652720
2011-05-19,0.0021755726
2011-05-20,-0.0077179746
2011-05-23,-0.0119972648
2011-05-24,-0.0008277226
2011-05-25,0.0031781132
2011-05-26,0.0039453228
2011-05-27,0.0040726153
2011-05-31,0.0105370149
2011-06-01,-0.0230482257
2011-06-02,-0.0012255861
2011-06-03,-0.0097814927
2011-06-06,-0.0108185160
2011-06-07,-0.0009568650
2011-06-08,-0.0041956644
2011-06-09,0.0073504093
2011-06-10,-0.0140784829
2011-06-13,0.0006685326
2011-06-14,0.0125329135
2011-06-15,-0.0175855695
2011-06-16,0.0017527980
2011-06-17,0.0030403903
2011-06-20,0.0053806891
2011-06-21,0.0133341791
2011-06-22,-0.0064894598
2011-06-23,-0.0028319929
2011-06-24,-0.0117950772
2011-06-27,0.0091425367
2011-06-28,0.0128612927
2011-06-29,0.0082486335
2011-06-30,0.0100683716
2011-07-01,0.0143068691
2011-07-05,-0.0013370725
2011-07-06,0.0010010578
2011-07-07,0.0103995829
2011-07-08,-0.0069854581
2011-07-11,-0.0182561669
2011-07-12,-0.0044433698
2011-07-13,0.0031010271
2011-07-14,-0.0067387824
2011-07-15,0.0055390555
2011-07-18,-0.0081631175
2011-07-19,0.0161771496
2011-07-20,-0.0006710584
2011-07-21,0.0134552628
2011-07-22,0.0009074395
2011-07-25,-0.0056589952
2011-07-26,-0.0041134201
2011-07-27,-0.0205177248
2011-07-28,-0.0032392072
2011-07-29,-0.0064714273
2011-08-01,-0.0041408609
2011-08-02,-0.0258889092
2011-08-03,0.0050031460
2011-08-04,-0.0490016550
2011-08-05,-0.0005750830
2011-08-08,-0.0689583694
2011-08-09,0.0463174411
2011-08-10,-0.0451567970
2011-08-11,0.0452505944
2011-08-12,0.0052478751
2011-08-15,0.0215507280
2011-08-16,-0.0097862752
2011-08-17,0.0009469381
2011-08-18,-0.0456185989
2011-08-19,-0.0151227561
2011-08-22,0.0002580079
2011-08-23,0.0337102484
2011-08-24,0.0130346514
2011-08-25,-0.0156879347
2011-08-26,0.0150084183
2011-08-29,0.0278875050
2011-08-30,0.0023442750
2011-08-31,0.0049099087
2011-09-01,-0.0119424608
2011-09-02,-0.0256070173
2011-09-06,-0.0074640765
2011-09-07,0.0282438250
2011-09-08,-0.0106688904
2011-09-09,-0.0270685625
2011-09-12,0.0069415682
2011-09-13,0.0090787262
2011-09-14,0.0133897605
2011-09-15,0.0170410467
2011-09-16,0.0056904756
2011-09-19,-0.0098509487
2011-09-20,-0.0016623865
2011-09-21,-0.0298309951
2011-09-22,-0.0324024568
2011-09-23,0.0060635888
2011-09-26,0.0230680213
2011-09-27,0.0106316654
2011-09-28,-0.0209081959
2011-09-29,0.0080814864
2011-09-30,-0.0252912745
2011-10-03,-0.0288636029
2011-10-04,0.0222393061
2011-10-05,0.0177079189
2011-10-06,0.0181381685
2011-10-07,-0.0081968112
2011-10-10,0.0335556439
2011-10-11,0.0005438556
2011-10-12,0.0097470469
2011-10-13,-0.0029781024
2011-10-14,0.0172309488
2011-10-17,-0.0195599376
2011-10-18,0.0202130494
2011-10-19,-0.0127298188
2011-10-20,0.0045438398
2011-10-21,0.0186340675
2011-10-24,0.0127908067
2011-10-25,-0.0202483462
2011-10-26,0.0104814305
2011-10-27,0.0337165912
2011-10-28,0.0003891535
2011-10-31,-0.0250486166
2011-11-01,-0.0283400596
2011-11-02,0.0159763633
2011-11-03,0.0186076072
2011-11-04,-0.0062998195
2011-11-07,0.0062760082
2011-11-08,0.0116673103
2011-11-09,-0.0373853471
2011-11-10,0.0085872011
2011-11-11,0.0192932230
2011-11-14,-0.0095960367
2011-11-15,0.0048055983
2011-11-16,-0.0167557983
2011-11-17,-0.0169426720
2011-11-18,-0.0003947565
2011-11-21,-0.0188245711
2011-11-22,-0.0041494389
2011-11-23,-0.0223429705
2011-11-25,-0.0026891193
2011-11-28,0.0288210790
2011-11-29,0.0022112070
2011-11-30,0.0424034383
2011-12-01,-0.0019104696
2011-12-02,-0.0002410154
2011-12-05,0.0102344633
2011-12-06,0.0011051379
2011-12-07,0.0020163208
2011-12-08,-0.0213684990
2011-12-09,0.0167424129
2011-12-12,-0.0150263869
2011-12-13,-0.0087239530
2011-12-14,-0.0114132515
2011-12-15,0.0032378529
2011-12-16,0.0032109891
2011-12-19,-0.0118021985
2011-12-20,0.0293892959
2011-12-21,0.0019476082
2011-12-22,0.0082315772
2011-12-23,0.0089944808
2011-12-27,0.0000791048
2011-12-28,-0.0125565063
2011-12-29,0.0106501725
2011-12-30,-0.0043005707
2012-01-03,0.0153554837
2012-01-04,0.0001879063
2012-01-05,0.0029393927
2012-01-06,-0.0025401850
2012-01-09,0.0022590444
2012-01-10,0.0088465236
2012-01-11,0.0003095493
2012-01-12,0.0023338827
2012-01-13,-0.0049602044
2012-01-17,0.0035466578
2012-01-18,0.0110466891
2012-01-19,0.0049265017
2012-01-20,0.0006692358
2012-01-23,0.0004712319
2012-01-24,-0.0010263438
2012-01-25,0.0086416947
2012-01-26,-0.0057705083
2012-01-27,-0.0015941475
2012-01-30,-0.0025253091
2012-01-31,-0.0004570511
2012-02-01,0.0088602375
2012-02-02,0.0010945478
2012-02-03,0.0144997259
2012-02-06,-0.0004239640
2012-02-07,0.0020213375
2012-02-08,0.0021578809
2012-02-09,0.0014730251
2012-02-10,-0.0069101226
2012-02-13,0.0067770233
2012-02-14,-0.0009399650
2012-02-15,-0.0053977475
2012-02-16,0.0109653658
2012-02-17,0.0023461759
2012-02-21,0.0007196638
2012-02-22,-0.0033456974
2012-02-23,0.0042629032
2012-02-24,0.0016708412
2012-02-27,0.0013536426
2012-02-28,0.0033507135
2012-02-29,-0.0047482428
2012-03-01,0.0061391565
2012-03-02,-0.0032510350
2012-03-05,-0.0038772005
2012-03-06,-0.0154895061
2012-03-07,0.0068769217
2012-03-08,0.0097700492
2012-03-09,0.0036246730
2012-03-12,0.0001604478
2012-03-13,0.0179691331
2012-03-14,-0.0011969781
2012-03-15,0.0059494657
2012-03-16,0.0011187725
2012-03-19,0.0039659715
2012-03-20,-0.0030050287
2012-03-21,-0.0018729499
2012-03-22,-0.0072326342
2012-03-23,0.0031040360
2012-03-26,0.0137903000
2012-03-27,-0.0028207498
2012-03-28,-0.0049537587
2012-03-29,-0.0016092239
2012-03-30,0.0036916136
2012-04-02,0.0074766261
2012-04-03,-0.0039966118
2012-04-04,-0.0102549269
2012-04-05,-0.0006292402
2012-04-09,-0.0114234380
2012-04-10,-0.0172290253
2012-04-11,0.0074212898
2012-04-12,0.0136853152
2012-04-13,-0.0125534671
2012-04-16,-0.0005037272
2012-04-17,0.0153679792
2012-04-18,-0.0040635338
2012-04-19,-0.0059520755
2012-04-20,0.0011685826
2012-04-23,-0.0084431131
2012-04-24,0.0036730196
2012-04-25,0.0135523429
2012-04-26,0.0066579521
2012-04-27,0.0024114139
2012-04-30,-0.0038910623
2012-05-01,0.0056424357
2012-05-02,-0.0024998056
2012-05-03,-0.0076883511
2012-05-04,-0.0162789957
2012-05-07,0.0003505196
2012-05-08,-0.0042878531
2012-05-09,-0.0067248275
2012-05-10,0.0025142474
2012-05-11,-0.0033930913
2012-05-14,-0.0111750731
2012-05-15,-0.0057624083
2012-05-16,-0.0044135439
2012-05-17,-0.0151657974
2012-05-18,-0.0074152018
2012-05-21,0.0159086844
2012-05-22,0.0004862188
2012-05-23,0.0016922705
2012-05-24,0.0013790802
2012-05-25,-0.0021679807
2012-05-29,0.0110180553
2012-05-30,-0.0144386293
2012-05-31,-0.0022792611
2012-06-01,-0.0249512954
2012-06-04,0.0001095482
2012-06-05,0.0057105146
2012-06-06,0.0227877760
2012-06-07,-0.0001064702
2012-06-08,0.0080814208
2012-06-11,-0.0127004238
2012-06-12,0.0115833899
2012-06-13,-0.0070480301
2012-06-14,0.0107565926
2012-06-15,0.0102847457
2012-06-18,0.0014437040
2012-06-19,0.0097678344
2012-06-20,-0.0016877805
2012-06-21,-0.0225132082
2012-06-22,0.0071489892
2012-06-25,-0.0160835024
2012-06-26,0.0047613682
2012-06-27,0.0089447814
2012-06-28,-0.0021120283
2012-06-29,0.0246147937
2012-07-02,0.0024562922
2012-07-03,0.0062127716
2012-07-05,-0.0046980416
2012-07-06,-0.0094774187
2012-07-09,-0.0016401762
2012-07-10,-0.0081591218
2012-07-11,-0.0000149237
2012-07-12,-0.0049995744
2012-07-13,0.0163627592
2012-07-16,-0.0023169959
2012-07-17,0.0073823558
2012-07-18,0.0066582753
2012-07-19,0.0027134152
2012-07-20,-0.0101126205
2012-07-23,-0.0089489790
2012-07-24,-0.0090820502
2012-07-25,-0.0003139107
2012-07-26,0.0164056629
2012-07-27,0.0189008145
2012-07-30,-0.0004834764
2012-07-31,-0.0043261728
2012-08-01,-0.0029041929
2012-08-02,-0.0075319636
2012-08-03,0.0188612882
2012-08-06,0.0023265607
2012-08-07,0.0050937627
2012-08-08,0.0006206338
2012-08-09,0.0004136000
2012-08-10,0.0021860507
2012-08-13,-0.0012526851
2012-08-14,-0.0001281546
2012-08-15,0.0011389916
2012-08-16,0.0070754204
2012-08-17,0.0018703837
2012-08-20,-0.0000211751
2012-08-21,-0.0035036668
2012-08-22,0.0002263776
2012-08-23,-0.0081049996
2012-08-24,0.0064339883
2012-08-27,-0.0004891344
2012-08-28,-0.0008085090
2012-08-29,0.0008439930
2012-08-30,-0.0078364297
2012-08-31,0.0050604698
2012-09-04,-0.0011666393
2012-09-05,-0.0010682317
2012-09-06,0.0202295366
2012-09-07,0.0040417950
2012-09-10,-0.0061668057
2012-09-11,0.0031300521
2012-09-12,0.0020905056
2012-09-13,0.0161781722
2012-09-14,0.0039511353
2012-09-17,-0.0031295829
2012-09-18,-0.0012805951
2012-09-19,0.0011848517
2012-09-20,-0.0005408800
2012-09-21,-0.0000753219
2012-09-24,-0.0022351501
2012-09-25,-0.0105573894
2012-09-26,-0.0057532532
2012-09-27,0.0096027277
2012-09-28,-0.0044878082
2012-10-01,0.0026479977
2012-10-02,0.0008719067
2012-10-03,0.0036178573
2012-10-04,0.0071488217
2012-10-05,-0.0003216411
2012-10-08,-0.0034627238
2012-10-09,-0.0099401821
2012-10-10,-0.0062072556
2012-10-11,0.0001953704
2012-10-12,-0.0029705450
2012-10-15,0.0080454708
2012-10-16,0.0102175558
2012-10-17,0.0041086061
2012-10-18,-0.0024467199
2012-10-19,-0.0167101446
2012-10-22,0.0004394857
2012-10-23,-0.0145492350
2012-10-24,-0.0030901525
2012-10-25,0.0029910649
2012-10-26,-0.0007292476
2012-10-31,0.0001558676
2012-11-01,0.0108672126
2012-11-02,-0.0094237182
2012-11-05,0.0021614713
2012-11-06,0.0078225091
2012-11-07,-0.0239904842
2012-11-08,-0.0122799333
2012-11-09,0.0016972513
2012-11-12,0.0001304794
2012-11-13,-0.0039933835
2012-11-14,-0.0139488704
2012-11-15,-0.0015948160
2012-11-16,0.0048282747
2012-11-19,0.0196673767
2012-11-20,0.0006631664
2012-11-21,0.0023174937
2012-11-23,0.0129422021
2012-11-26,-0.0020316443
2012-11-27,-0.0052402937
2012-11-28,0.0078253308
2012-11-29,0.0042605536
2012-11-30,0.0001624943
2012-12-03,-0.0047565192
2012-12-04,-0.0017112758
2012-12-05,0.0015836077
2012-12-06,0.0033011359
2012-12-07,0.0029166620
2012-12-10,0.0003385032
2012-12-11,0.0065275313
2012-12-12,0.0004481393
2012-12-13,-0.0063414900
2012-12-14,-0.0041439757
2012-12-17,0.0118006880
2012-12-18,0.0114211857
2012-12-19,-0.0076181456
2012-12-20,0.0054731047
2012-12-21,-0.0094229445
2012-12-24,-0.0024432790
2012-12-26,-0.0047989568
2012-12-27,-0.0012191849
2012-12-28,-0.0111114457
2012-12-31,0.0168000273
2013-01-02,0.0250861160
2013-01-03,-0.0020877954
2013-01-04,0.0048533000
2013-01-07,-0.0031280033
2013-01-08,-0.0032476392
2013-01-09,0.0026523454
2013-01-10,0.0075687001
2013-01-11,-0.0000475151
2013-01-14,-0.0009311049
2013-01-15,0.0011280333
2013-01-16,0.0001969725
2013-01-17,0.0056270605
2013-01-18,0.0033974924
2013-01-22,0.0044183316
2013-01-23,0.0015063419
2013-01-24,0.0000066147
2013-01-25,0.0054307087
2013-01-28,-0.0018513343
2013-01-29,0.0050930038
2013-01-30,-0.0039072447
2013-01-31,-0.0025665920
2013-02-01,0.0100025132
2013-02-04,-0.0116058327
2013-02-05,0.0103626322
2013-02-06,0.0005490199
2013-02-07,-0.0018070311
2013-02-08,0.0056419946
2013-02-11,-0.0006063012
2013-02-12,0.0015940011
2013-02-13,0.0005920878
2013-02-14,0.0006904333
2013-02-15,-0.0010456278
2013-02-19,0.0073096944
2013-02-20,-0.0124817114
2013-02-21,-0.0063230055
2013-02-22,0.0087342134
2013-02-25,-0.0184792756
2013-02-26,0.0060908769
2013-02-27,0.0126456991
2013-02-28,-0.0008644535
2013-03-01,0.0023211594
2013-03-04,0.0046001265
2013-03-05,0.0095205519
2013-03-06,0.0010839251
2013-03-07,0.0018148436
2013-03-08,0.0044711287
2013-03-11,0.0032438189
2013-03-12,-0.0024061454
2013-03-13,0.0013131892
2013-03-14,0.0055873522
2013-03-15,-0.0016197737
2013-03-18,-0.0055255703
2013-03-19,-0.0024254697
2013-03-20,0.0066751638
2013-03-21,-0.0083169238
2013-03-22,0.0071486438
2013-03-25,-0.0033456293
2013-03-26,0.0077549632
2013-03-27,-0.0005885231
2013-03-28,0.0040484634
2013-04-01,-0.0044836169
2013-04-02,0.0051589339
2013-04-03,-0.0106021332
2013-04-04,0.0040402790
2013-04-05,-0.0043041452
2013-04-08,0.0062829588
2013-04-09,0.0035380658
2013-04-10,0.0121154433
2013-04-11,0.0035459562
2013-04-12,-0.0028407983
2013-04-15,-0.0232341246
2013-04-16,0.0142058408
2013-04-17,-0.0144313137
2013-04-18,-0.0067235560
2013-04-19,0.0088089891
2013-04-22,0.0046507982
2013-04-23,0.0103653128
2013-04-24,0.0000063402
2013-04-25,0.0040266146
2013-04-26,-0.0018438118
2013-04-29,0.0071603154
2013-04-30,0.0024818174
2013-05-01,-0.0093514726
2013-05-02,0.0093640038
2013-05-03,0.0104795639
2013-05-06,0.0019059611
2013-05-07,0.0052166392
2013-05-08,0.0041305389
2013-05-09,-0.0036939180
2013-05-10,0.0043123438
2013-05-13,0.0000428884
2013-05-14,0.0100910670
2013-05-15,0.0051011035
2013-05-16,-0.0050223320
2013-05-17,0.0102474120
2013-05-20,-0.0007078684
2013-05-21,0.0017209047
2013-05-22,-0.0083080743
2013-05-23,-0.0029281151
2013-05-24,-0.0005515175
2013-05-28,0.0063209621
2013-05-29,-0.0070729362
2013-05-30,0.0036636251
2013-05-31,-0.0144105769
2013-06-03,0.0059184399
2013-06-04,-0.0055260480
2013-06-05,-0.0138755545
2013-06-06,0.0084544541
2013-06-07,0.0127499145
2013-06-10,-0.0003468736
2013-06-11,-0.0102052642
2013-06-12,-0.0084047769
2013-06-13,0.0146760691
2013-06-14,-0.0059024011
2013-06-17,0.0075388756
2013-06-18,0.0077609634
2013-06-19,-0.0139483013
2013-06-20,-0.0253284244
2013-06-21,0.0026662191
2013-06-24,-0.0122193690
2013-06-25,0.0094524566
2013-06-26,0.0095447897
2013-06-27,0.0061806913
2013-06-28,-0.0042987890
2013-07-01,0.0053891996
2013-07-02,-0.0005450567
2013-07-03,0.0008237079
2013-07-05,0.0101500457
2013-07-08,0.0052378052
2013-07-09,0.0072036619
2013-07-10,0.0001815760
2013-07-11,0.0134632128
2013-07-12,0.0030817302
2013-07-15,0.0013739352
2013-07-16,-0.0037156554
2013-07-17,0.0027702066
2013-07-18,0.0050203417
2013-07-19,0.0016087556
2013-07-22,0.0020309625
2013-07-23,-0.0018536539
2013-07-24,-0.0038185027
2013-07-25,0.0025532100
2013-07-26,0.0008279514
2013-07-29,-0.0037430342
2013-07-30,0.0003737471
2013-07-31,-0.0001364185
2013-08-01,0.0124625882
2013-08-02,0.0016391141
2013-08-05,-0.0014809309
2013-08-06,-0.0057394728
2013-08-07,-0.0038131257
2013-08-08,0.0038779211
2013-08-09,-0.0035763480
2013-08-12,-0.0011535859
2013-08-13,0.0027722100
2013-08-14,-0.0051900632
2013-08-15,-0.0143845649
2013-08-16,-0.0033100676
2013-08-19,-0.0059177780
2013-08-20,0.0038139131
2013-08-21,-0.0057963695
2013-08-22,0.0085824417
2013-08-23,0.0039392419
2013-08-26,-0.0040478392
2013-08-27,-0.0160015392
2013-08-28,0.0027438773
2013-08-29,0.0019614766
2013-08-30,-0.0031793672
2013-09-03,0.0041555752
2013-09-04,0.0080841879
2013-09-05,0.0012091315
2013-09-06,0.0000544297
2013-09-09,0.0099432821
2013-09-10,0.0073189405
2013-09-11,0.0030476346
2013-09-12,-0.0033861418
2013-09-13,0.0027110017
2013-09-16,0.0056770083
2013-09-17,0.0042088696
2013-09-18,0.0121041216
2013-09-19,-0.0018446541
2013-09-20,-0.0072430540
2013-09-23,-0.0047307589
2013-09-24,-0.0026005215
2013-09-25,-0.0027432252
2013-09-26,0.0034793658
2013-09-27,-0.0040821217
2013-09-30,-0.0060474800
2013-10-01,0.0079667247
2013-10-02,-0.0006668919
2013-10-03,-0.0090199725
2013-10-04,0.0070284667
2013-10-07,-0.0085427475
2013-10-08,-0.0124087499
2013-10-09,0.0005737417
2013-10-10,0.0215956229
2013-10-11,0.0062665956
2013-10-14,0.0040664411
2013-10-15,-0.0070887896
2013-10-16,0.0137328043
2013-10-17,0.0067213144
2013-10-18,0.0065274055
2013-10-21,0.0000917322
2013-10-22,0.0057211162
2013-10-23,-0.0047357532
2013-10-24,0.0032528385
2013-10-25,0.0043852144
2013-10-28,0.0013288165
2013-10-29,0.0055686612
2013-10-30,-0.0048878497
2013-10-31,-0.0038467706
2013-11-01,0.0028992144
2013-11-04,0.0035641994
2013-11-05,-0.0028095308
2013-11-06,0.0042564687
2013-11-07,-0.0132704360
2013-11-08,0.0133382088
2013-11-11,0.0007226701
2013-11-12,-0.0023732054
2013-11-13,0.0080627527
2013-11-14,0.0048255968
2013-11-15,0.0042131463
2013-11-18,-0.0037050524
2013-11-19,-0.0020450553
2013-11-20,-0.0036422360
2013-11-21,0.0080957054
2013-11-22,0.0049491905
2013-11-25,-0.0012641408
2013-11-26,0.0001497932
2013-11-27,0.0024819987
2013-11-29,-0.0007859985
2013-12-02,-0.0027227235
2013-12-03,-0.0031979560
2013-12-04,-0.0013043435
2013-12-05,-0.0043490158
2013-12-06,0.0111751949
2013-12-09,0.0018154512
2013-12-10,-0.0031847249
2013-12-11,-0.0113813977
2013-12-12,-0.0037776884
2013-12-13,-0.0001014153
2013-12-16,0.0063001521
2013-12-17,-0.0031058059
2013-12-18,0.0165109060
2013-12-19,-0.0005800974
2013-12-20,0.0048071554
2013-12-23,0.0053040289
2013-12-24,0.0029115043
2013-12-26,0.0047343046
2013-12-27,-0.0003366410
2013-12-30,-0.0001792700
2013-12-31,0.0039518563
2014-01-02,-0.0089014130
2014-01-03,-0.0003330205
2014-01-06,-0.0025149273
2014-01-07,0.0060633454
2014-01-08,-0.0002122315
2014-01-09,0.0003482485
2014-01-10,0.0023040305
2014-01-13,-0.0126559665
2014-01-14,0.0107598761
2014-01-15,0.0051528891
2014-01-16,-0.0013480285
2014-01-17,-0.0039027803
2014-01-21,0.0027699122
2014-01-22,0.0005747000
2014-01-23,-0.0089293248
2014-01-24,-0.0210964214
2014-01-27,-0.0048882219
2014-01-28,0.0061218756
2014-01-29,-0.0102617039
2014-01-30,0.0112040444
2014-01-31,-0.0064862902
2014-02-03,-0.0230966047
2014-02-04,0.0076120437
2014-02-05,-0.0020302824
2014-02-06,0.0123630545
2014-02-07,0.0132141935
2014-02-10,0.0015680048
2014-02-11,0.0110013759
2014-02-12,-0.0002692986
2014-02-13,0.0057932120
2014-02-14,0.0047976894
2014-02-18,0.0011578034
2014-02-19,-0.0065458618
2014-02-20,0.0060133418
2014-02-21,-0.0019205667
2014-02-24,0.0061674556
2014-02-25,-0.0013485907
2014-02-26,0.0000216997
2014-02-27,0.0049358814
2014-02-28,0.0027788243
2014-03-03,-0.0074058662
2014-03-04,0.0151523227
2014-03-05,-0.0000533527
2014-03-06,0.0017169335
2014-03-07,0.0005379446
2014-03-10,-0.0004633536
2014-03-11,-0.0050950970
2014-03-12,0.0003051243
2014-03-13,-0.0117700917
2014-03-14,-0.0028257664
2014-03-17,0.0095677177
2014-03-18,0.0071936822
2014-03-19,-0.0061505251
2014-03-20,0.0060223341
2014-03-21,-0.0029369801
2014-03-24,-0.0048765810
2014-03-25,0.0043942708
2014-03-26,-0.0070249370
2014-03-27,-0.0019018913
2014-03-28,0.0046294892
2014-03-31,0.0078928714
2014-04-01,0.0070146880
2014-04-02,0.0028492638
2014-04-03,-0.0011270852
2014-04-04,-0.0126165429
2014-04-07,-0.0108083123
2014-04-08,0.0037435380
2014-04-09,0.0108590393
2014-04-10,-0.0211059677
2014-04-11,-0.0095320597
2014-04-14,0.0081837082
2014-04-15,0.0067345795
2014-04-16,0.0104338679
2014-04-17,0.0013629237
2014-04-21,0.0037680157
2014-04-22,0.0040837890
2014-04-23,-0.0022157669
2014-04-24,0.0017154883
2014-04-25,-0.0081293447
2014-04-28,0.0032308112
2014-04-29,0.0047494605
2014-04-30,0.0029875498
2014-05-01,-0.0001432717
2014-05-02,-0.0013493550
2014-05-05,0.0018694676
2014-05-06,-0.0090290315
2014-05-07,0.0056007549
2014-05-08,-0.0013745692
2014-05-09,0.0015183232
2014-05-12,0.0096262562
2014-05-13,0.0004216688
2014-05-14,-0.0047120896
2014-05-15,-0.0094059042
2014-05-16,0.0037399628
2014-05-19,0.0038374142
2014-05-20,-0.0065196046
2014-05-21,0.0080833405
2014-05-22,0.0023594442
2014-05-23,0.0042393929
2014-05-27,0.0059699502
2014-05-28,-0.0011146928
2014-05-29,0.0053527587
2014-05-30,0.0018419804
2014-06-02,0.0007275614
2014-06-03,-0.0003792885
2014-06-04,0.0018898766
2014-06-05,0.0065040821
2014-06-06,0.0046170835
2014-06-09,0.0009383309
2014-06-10,-0.0002460139
2014-06-11,-0.0035433112
2014-06-12,-0.0071141391
2014-06-13,0.0031296592
2014-06-16,0.0008363553
2014-06-17,0.0021702124
2014-06-18,0.0076892432
2014-06-19,0.0012766633
2014-06-20,0.0017285635
2014-06-23,-0.0001324729
2014-06-24,-0.0064561065
2014-06-25,0.0048855574
2014-06-26,-0.0011795794
2014-06-27,0.0019090452
2014-06-30,-0.0003723260
2014-07-01,0.0066555729
2014-07-02,0.0006585961
2014-07-03,0.0054645502
2014-07-07,-0.0039312391
2014-07-08,-0.0070737622
2014-07-09,0.0046335166
2014-07-10,-0.0041396283
2014-07-11,0.0014698420
2014-07-14,0.0048318607
2014-07-15,-0.0019339646
2014-07-16,0.0041922850
2014-07-17,-0.0119046059
2014-07-18,0.0102126089
2014-07-21,-0.0023229464
2014-07-22,0.0050036112
2014-07-23,0.0017529008
2014-07-24,0.0004880368
2014-07-25,-0.0048609460
2014-07-28,0.0002881134
2014-07-29,-0.0045380684
2014-07-30,0.0000609109
2014-07-31,-0.0202019322
2014-08-01,-0.0028632162
2014-08-04,0.0071633144
2014-08-05,-0.0097326792
2014-08-06,0.0000156384
2014-08-07,-0.0055721154
2014-08-08,0.0114654226
2014-08-11,0.0027556250
2014-08-12,-0.0016379824
2014-08-13,0.0066847671
2014-08-14,0.0043363983
2014-08-15,-0.0000613748
2014-08-18,0.0084954832
2014-08-19,0.0049881902
2014-08-20,0.0024747483
2014-08-21,0.0029455473
2014-08-22,-0.0019945749
2014-08-25,0.0047763539
2014-08-26,0.0010505289
2014-08-27,0.0000499860
2014-08-28,-0.0016913305
2014-08-29,0.0033149143
2014-09-02,-0.0005442142
2014-09-03,-0.0007794448
2014-09-04,-0.0015355992
2014-09-05,0.0050232477
2014-09-08,-0.0030778459
2014-09-09,-0.0065665215
2014-09-10,0.0036394436
2014-09-11,0.0008815168
2014-09-12,-0.0059804055
2014-09-15,-0.0007104037
2014-09-16,0.0074565073
2014-09-17,0.0012948051
2014-09-18,0.0048792571
2014-09-19,-0.0004773835
2014-09-22,-0.0080456025
2014-09-23,-0.0057932501
2014-09-24,0.0078019768
2014-09-25,-0.0163009133
2014-09-26,0.0085392611
2014-09-29,-0.0025500509
2014-09-30,-0.0027898165
2014-10-01,-0.0133371061
2014-10-02,0.0000051433
2014-10-03,0.0111036355
2014-10-06,-0.0015663860
2014-10-07,-0.0152416186
2014-10-08,0.0173109475
2014-10-09,-0.0208778485
2014-10-10,-0.0115170800
2014-10-13,-0.0166050332
2014-10-14,0.0015776197
2014-10-15,-0.0081333007
2014-10-16,0.0001449672
2014-10-17,0.0128018134
2014-10-20,0.0091011161
2014-10-21,0.0193853708
2014-10-22,-0.0073261007
2014-10-23,0.0122283057
2014-10-24,0.0070286902
2014-10-27,-0.0015026969
2014-10-28,0.0118683646
2014-10-29,-0.0013863160
2014-10-30,0.0062107972
2014-10-31,0.0116631142
2014-11-03,-0.0001189289
2014-11-04,-0.0028338533
2014-11-05,0.0056843111
2014-11-06,0.0037684036
2014-11-07,0.0003495251
2014-11-10,0.0031153270
2014-11-11,0.0006964516
2014-11-12,-0.0007013626
2014-11-13,0.0005297044
2014-11-14,0.0002402413
2014-11-17,0.0007350888
2014-11-18,0.0051208494
2014-11-19,-0.0015022869
2014-11-20,0.0019651640
2014-11-21,0.0052232126
2014-11-24,0.0028599298
2014-11-25,-0.0011506915
2014-11-26,0.0028020525
2014-11-28,-0.0025456646
2014-12-01,-0.0068527893
2014-12-02,0.0063641668
2014-12-03,0.0037576738
2014-12-04,-0.0011625717
2014-12-05,0.0016638316
2014-12-08,-0.0072830221
2014-12-09,-0.0002378518
2014-12-10,-0.0164861212
2014-12-11,0.0045254340
2014-12-12,-0.0163464658
2014-12-15,-0.0063627863
2014-12-16,-0.0085252599
2014-12-17,0.0201480732
2014-12-18,0.0237313749
2014-12-19,0.0045596380
2014-12-22,0.0038032225
2014-12-23,0.0017448386
2014-12-24,-0.0001393062
2014-12-26,0.0033041100
2014-12-29,0.0008614034
2014-12-30,-0.0049005930
2014-12-31,-0.0103643836
2015-01-02,-0.0003400215
2015-01-05,-0.0184472135
2015-01-06,-0.0089332547
2015-01-07,0.0115627358
2015-01-08,0.0177301681
2015-01-09,-0.0084393221
2015-01-12,-0.0081266168
2015-01-13,-0.0025818854
2015-01-14,-0.0058300290
2015-01-15,-0.0092909030
2015-01-16,0.0133348932
2015-01-20,0.0015487524
2015-01-21,0.0047204650
2015-01-22,0.0151543131
2015-01-23,-0.0055066563
2015-01-26,0.0025651680
2015-01-27,-0.0134782878
2015-01-28,-0.0135875028
2015-01-29,0.0094895171
2015-01-30,-0.0130770990
2015-02-02,0.0128791700
2015-02-03,0.0143362386
2015-02-04,-0.0041647066
2015-02-05,0.0102388107
2015-02-06,-0.0034240276
2015-02-09,-0.0042562393
2015-02-10,0.0106189796
2015-02-11,-0.0000290340
2015-02-12,0.0095982951
2015-02-13,0.0040664592
2015-02-17,0.0015962997
2015-02-18,-0.0003143586
2015-02-19,-0.0010626217
2015-02-20,0.0061078427
2015-02-23,-0.0003033852
2015-02-24,0.0027549725
2015-02-25,-0.0007660170
2015-02-26,-0.0014771186
2015-02-27,-0.0029606830
2015-03-02,0.0061062382
2015-03-03,-0.0045488726
2015-03-04,-0.0043981612
2015-03-05,0.0011953653
2015-03-06,-0.0142753564
2015-03-09,0.0039366624
2015-03-10,-0.0171068209
2015-03-11,-0.0019195207
2015-03-12,0.0125227022
2015-03-13,-0.0060932371
2015-03-16,0.0134429090
2015-03-17,-0.0033256977
2015-03-18,0.0120851015
2015-03-19,-0.0048844891
2015-03-20,0.0089723822
2015-03-23,-0.0017472566
2015-03-24,-0.0061583457
2015-03-25,-0.0146659265
2015-03-26,-0.0023803307
2015-03-27,0.0023657607
2015-03-30,0.0121623826
2015-03-31,-0.0088346862
2015-04-01,-0.0039732542
2015-04-02,0.0035234523
2015-04-06,0.0065870726
2015-04-07,-0.0020640327
2015-04-08,0.0026789416
2015-04-09,0.0044475759
2015-04-10,0.0051893769
2015-04-13,-0.0045918068
2015-04-14,0.0016284323
2015-04-15,0.0051349890
2015-04-16,-0.0007787468
2015-04-17,-0.0113757042
2015-04-20,0.0091927486
2015-04-21,-0.0014817025
2015-04-22,0.0050745829
2015-04-23,0.0023549408
2015-04-24,0.0022502668
2015-04-27,-0.0041499132
2015-04-28,0.0027654044
2015-04-29,-0.0037473481
2015-04-30,-0.0101805530
2015-05-01,0.0108637766
2015-05-04,0.0029364331
2015-05-05,-0.0119080034
2015-05-06,-0.0044656811
2015-05-07,0.0037667105
2015-05-08,0.0133681480
2015-05-11,-0.0051025565
2015-05-12,-0.0029539964
2015-05-13,-0.0003050013
2015-05-14,0.0107216043
2015-05-15,0.0007681188
2015-05-18,0.0030433125
2015-05-19,-0.0006435816
2015-05-20,-0.0009309495
2015-05-21,0.0023351459
2015-05-22,-0.0022363851
2015-05-26,-0.0103352049
2015-05-27,0.0091209189
2015-05-28,-0.0012675639
2015-05-29,-0.0063385152
2015-06-01,0.0020573435
2015-06-02,-0.0010091052
2015-06-03,0.0021166295
2015-06-04,-0.0086605622
2015-06-05,-0.0014372152
2015-06-08,-0.0064955603
2015-06-09,0.0004182655
2015-06-10,0.0119704918
2015-06-11,0.0017371168
2015-06-12,-0.0070188747
2015-06-15,-0.0046332896
2015-06-16,0.0056737305
2015-06-17,0.0019776844
2015-06-18,0.0098540001
2015-06-19,-0.0053176152
2015-06-22,0.0060763680
2015-06-23,0.0006356664
2015-06-24,-0.0073804657
2015-06-25,-0.0029780042
2015-06-26,-0.0003901557
2015-06-29,-0.0210869695
2015-06-30,0.0026549624
2015-07-01,0.0069120964
2015-07-02,-0.0003080702
2015-07-06,-0.0038692327
2015-07-07,0.0060625606
2015-07-08,-0.0167929649
2015-07-09,0.0022596476
2015-07-10,0.0122629864
2015-07-13,0.0110052685
2015-07-14,0.0044432732
2015-07-15,-0.0007352563
2015-07-16,0.0079827334
2015-07-17,0.0011055716
2015-07-20,0.0007709366
2015-07-21,-0.0042707962
2015-07-22,-0.0023905650
2015-07-23,-0.0056922102
2015-07-24,-0.0107610207
2015-07-27,-0.0057917551
2015-07-28,0.0123100738
2015-07-29,0.0072921429
2015-07-30,0.0000283669
2015-07-31,-0.0022741038
2015-08-03,-0.0027606939
2015-08-04,-0.0022522392
2015-08-05,0.0031098382
2015-08-06,-0.0077831959
2015-08-07,-0.0028790229
2015-08-10,0.0127268356
2015-08-11,-0.0096030647
2015-08-12,0.0009496036
2015-08-13,-0.0012760259
2015-08-14,0.0039043323
2015-08-17,0.0051978917
2015-08-18,-0.0026289829
2015-08-19,-0.0082891364
2015-08-20,-0.0213259605
2015-08-21,-0.0323692425
2015-08-24,-0.0402114443
2015-08-25,-0.0136142497
2015-08-26,0.0382912994
2015-08-27,0.0240072545
2015-08-28,0.0006085512
2015-08-31,-0.0084270787
2015-09-01,-0.0300226498
2015-09-02,0.0181276714
2015-09-03,0.0011641157
2015-09-04,-0.0154483088
2015-09-08,0.0247736372
2015-09-09,-0.0139950358
2015-09-10,0.0052640754
2015-09-11,0.0044770064
2015-09-14,-0.0040980412
2015-09-15,0.0127496876
2015-09-16,0.0086677407
2015-09-17,-0.0025643444
2015-09-18,-0.0162962310
2015-09-21,0.0045553920
2015-09-22,-0.0123949300
2015-09-23,-0.0020507442
2015-09-24,-0.0033686519
2015-09-25,-0.0004659018
2015-09-28,-0.0260012112
2015-09-29,0.0012320939
2015-09-30,0.0188958986
2015-10-01,0.0019719387
2015-10-02,0.0142137930
2015-10-05,0.0181245935
2015-10-06,-0.0035946893
2015-10-07,0.0080035199
2015-10-08,0.0087797801
2015-10-09,0.0007248486
2015-10-12,0.0012746645
2015-10-13,-0.0068488237
2015-10-14,-0.0047274309
2015-10-15,0.0147435514
2015-10-16,0.0045600614
2015-10-19,0.0002705089
2015-10-20,-0.0014221011
2015-10-21,-0.0058424489
2015-10-22,0.0164908470
2015-10-23,0.0109699540
2015-10-26,-0.0019149330
2015-10-27,-0.0025573859
2015-10-28,0.0117704885
2015-10-29,-0.0004498754
2015-10-30,-0.0048214817
2015-11-02,0.0118038763
2015-11-03,0.0027243529
2015-11-04,-0.0035516669
2015-11-05,-0.0011327898
2015-11-06,-0.0003476818
2015-11-09,-0.0098712907
2015-11-10,0.0015094552
2015-11-11,-0.0032333073
2015-11-12,-0.0140891633
2015-11-13,-0.0112706404
2015-11-16,0.0147933028
2015-11-17,-0.0013402770
2015-11-18,0.0160332299
2015-11-19,-0.0011237403
2015-11-20,0.0038029553
2015-11-23,-0.0012356238
2015-11-24,0.0012212499
2015-11-25,-0.0001291406
2015-11-27,0.0005934416
2015-11-30,-0.0046518001
2015-12-01,0.0106239389
2015-12-02,-0.0110565926
2015-12-03,-0.0144778264
2015-12-04,0.0203178564
2015-12-07,-0.0070140440
2015-12-08,-0.0065110526
2015-12-09,-0.0077690864
2015-12-10,0.0022488566
2015-12-11,-0.0196138678
2015-12-14,0.0047442881
2015-12-15,0.0105625801
2015-12-16,0.0144106357
2015-12-17,-0.0151547766
2015-12-18,-0.0179574950
2015-12-21,0.0077483067
2015-12-22,0.0087780956
2015-12-23,0.0123415965
2015-12-24,-0.0015999154
2015-12-28,-0.0021809365
2015-12-29,0.0105736642
2015-12-30,-0.0072433988
2015-12-31,-0.0094564850
2016-01-04,-0.0154220418
2016-01-05,0.0020102041
2016-01-06,-0.0132021630
2016-01-07,-0.0239858165
2016-01-08,-0.0108975374
2016-01-11,0.0008529083
2016-01-12,0.0077725141
2016-01-13,-0.0252823751
2016-01-14,0.0165580609
2016-01-15,-0.0218357727
2016-01-19,0.0005316802
2016-01-20,-0.0117627660
2016-01-21,0.0051819886
2016-01-22,0.0200807269
2016-01-25,-0.0157615452
2016-01-26,0.0140452378
2016-01-27,-0.0109229223
2016-01-28,0.0055133507
2016-01-29,0.0244586510
2016-02-01,-0.0004433348
2016-02-02,-0.0189209687
2016-02-03,0.0049796200
2016-02-04,0.0015255683
2016-02-05,-0.0186541583
2016-02-08,-0.0142550579
2016-02-09,-0.0006638406
2016-02-10,-0.0001889681
2016-02-11,-0.0123774473
2016-02-12,0.0193300152
2016-02-16,0.0163817377
2016-02-17,0.0163461106
2016-02-18,-0.0046766321
2016-02-19,-0.0000260333
2016-02-22,0.0143507311
2016-02-23,-0.0125325776
2016-02-24,0.0044299600
2016-02-25,0.0112843667
2016-02-26,-0.0018718653
2016-02-29,-0.0081541311
2016-03-01,0.0235883854
2016-03-02,0.0040859499
2016-03-03,0.0034926343
2016-03-04,0.0033004399
2016-03-07,0.0008846228
2016-03-08,-0.0113037561
2016-03-09,0.0050396728
2016-03-10,0.0001557928
2016-03-11,0.0162625456
2016-03-14,-0.0012617686
2016-03-15,-0.0018386309
2016-03-16,0.0055847279
2016-03-17,0.0065735831
2016-03-18,0.0043959673
2016-03-21,0.0009850919
2016-03-22,-0.0008777729
2016-03-23,-0.0064065095
2016-03-24,-0.0003781418
2016-03-28,0.0005451069
2016-03-29,0.0087780121
2016-03-30,0.0043408800
2016-03-31,-0.0020418424
2016-04-01,0.0063109591
2016-04-04,-0.0032134800
2016-04-05,-0.0101962984
2016-04-06,0.0104527979
2016-04-07,-0.0120480740
2016-04-08,0.0027827026
2016-04-11,-0.0027435459
2016-04-12,0.0096157539
2016-04-13,0.0099900698
2016-04-14,0.0001729124
2016-04-15,-0.0009847696
2016-04-18,0.0065197256
2016-04-19,0.0030797379
2016-04-20,0.0007612550
2016-04-21,-0.0052075629
2016-04-22,0.0000478586
2016-04-25,-0.0018136896
2016-04-26,0.0018710002
2016-04-27,0.0016479941
2016-04-28,-0.0092736361
2016-04-29,-0.0050759492
2016-05-02,0.0077796067
2016-05-03,-0.0087144994
2016-05-04,-0.0059545827
2016-05-05,-0.0002390367
2016-05-06,0.0031696106
2016-05-09,0.0007532133
2016-05-10,0.0124063652
2016-05-11,-0.0096075229
2016-05-12,-0.0001694793
2016-05-13,-0.0085144342
2016-05-16,0.0097489764
2016-05-17,-0.0094558636
2016-05-18,0.0002051577
2016-05-19,-0.0037135945
2016-05-20,0.0060014592
2016-05-23,-0.0020876366
2016-05-24,0.0135886375
2016-05-25,0.0069505297
2016-05-26,-0.0002104660
2016-05-27,0.0042776949
2016-05-31,-0.0010057686
2016-06-01,0.0011343987
2016-06-02,0.0028206962
2016-06-03,-0.0029160622
2016-06-06,0.0048853285
2016-06-07,0.0012886156
2016-06-08,0.0033041020
2016-06-09,-0.0017192356
2016-06-10,-0.0092175324
2016-06-13,-0.0081482988
2016-06-14,-0.0018005051
2016-06-15,-0.0018424091
2016-06-16,0.0031280931
2016-06-17,-0.0032632841
2016-06-20,0.0057913828
2016-06-21,0.0027083906
2016-06-22,-0.0016529290
2016-06-23,0.0132755671
2016-06-24,-0.0365807928
2016-06-27,-0.0182622465
2016-06-28,0.0176141216
2016-06-29,0.0168892430
2016-06-30,0.0134738631
2016-07-01,0.0019467063
2016-07-05,-0.0068710290
2016-07-06,0.0053386871
2016-07-07,-0.0008719579
2016-07-08,0.0151381866
2016-07-11,0.0034028193
2016-07-12,0.0069848423
2016-07-13,0.0001347587
2016-07-14,0.0052454228
2016-07-15,-0.0009293791
2016-07-18,0.0023794618
2016-07-19,-0.0014362045
2016-07-20,0.0042612083
2016-07-21,-0.0036190699
2016-07-22,0.0045436268
2016-07-25,-0.0030160187
2016-07-26,0.0003227322
2016-07-27,-0.0011992609
2016-07-28,0.0016049204
2016-07-29,0.0016299801
2016-08-01,-0.0012705941
2016-08-02,-0.0063819408
2016-08-03,0.0031290427
2016-08-04,0.0002125493
2016-08-05,0.0085666973
2016-08-08,-0.0009075773
2016-08-09,0.0003897180
2016-08-10,-0.0028687971
2016-08-11,0.0047234151
2016-08-12,-0.0007963634
2016-08-15,0.0027890163
2016-08-16,-0.0054941422
2016-08-17,0.0018668460
2016-08-18,0.0021972017
2016-08-19,-0.0014413096
2016-08-22,-0.0005634819
2016-08-23,0.0019498672
2016-08-24,-0.0052540553
2016-08-25,-0.0013661604
2016-08-26,-0.0015800642
2016-08-29,0.0052144284
2016-08-30,-0.0019555914
2016-08-31,-0.0023786911
2016-09-01,-0.0000413854
2016-09-02,0.0041922416
2016-09-06,0.0029772424
2016-09-07,-0.0001463959
2016-09-08,-0.0022254882
2016-09-09,-0.0248277424
2016-09-12,0.0145703872
2016-09-13,-0.0149417483
2016-09-14,-0.0005878494
2016-09-15,0.0100585164
2016-09-16,-0.0037794278
2016-09-19,-0.0000186032
2016-09-20,0.0002990935
2016-09-21,0.0108580003
2016-09-22,0.0064787519
2016-09-23,-0.0057532930
2016-09-26,-0.0086248501
2016-09-27,0.0064234952
2016-09-28,0.0052825766
2016-09-29,-0.0093651277
2016-09-30,0.0079363926
2016-10-03,-0.0032660232
2016-10-04,-0.0049678818
2016-10-05,0.0042874862
2016-10-06,0.0004814439
2016-10-07,-0.0032587874
2016-10-10,0.0045953303
2016-10-11,-0.0125245777
2016-10-12,0.0011459322
2016-10-13,-0.0031040764
2016-10-14,0.0002015842
2016-10-17,-0.0030426181
2016-10-18,0.0061415056
2016-10-19,0.0021895722
2016-10-20,-0.0013766711
2016-10-21,-0.0000841451
2016-10-24,0.0047385946
2016-10-25,-0.0038049575
2016-10-26,-0.0017419279
2016-10-27,-0.0029911959
2016-10-28,-0.0031131401
2016-10-31,-0.0001222839
2016-11-01,-0.0068100191
2016-11-02,-0.0065468845
2016-11-03,-0.0044332130
2016-11-04,-0.0016675203
2016-11-07,0.0219801997
2016-11-08,0.0037648784
2016-11-09,0.0110161199
2016-11-10,0.0019488457
2016-11-11,-0.0013989283
2016-11-14,-0.0001155095
2016-11-15,0.0074529550
2016-11-16,-0.0015835165
2016-11-17,0.0046654694
2016-11-18,-0.0023896514
2016-11-21,0.0074337021
2016-11-22,0.0021630911
2016-11-23,0.0008076982
2016-11-25,0.0039067456
2016-11-28,-0.0052683893
2016-11-29,0.0013344024
2016-11-30,-0.0026569306
2016-12-01,-0.0035217230
2016-12-02,0.0003969277
2016-12-05,0.0058044269
2016-12-06,0.0034050845
2016-12-07,0.0130773587
2016-12-08,0.0021570150
2016-12-09,0.0059214185
2016-12-12,-0.0011380823
2016-12-13,0.0065184832
2016-12-14,-0.0081502955
2016-12-15,0.0038757077
2016-12-16,-0.0017521568
2016-12-19,0.0019731727
2016-12-20,0.0036309124
2016-12-21,-0.0024603857
2016-12-22,-0.0018647112
2016-12-23,0.0012509325
2016-12-27,0.0022458489
2016-12-28,-0.0083916407
2016-12-29,-0.0002933477
2016-12-30,-0.0046478347
2017-01-03,0.0084507668
2017-01-04,0.0057059638
2017-01-05,-0.0007709676
2017-01-06,0.0035107892
2017-01-09,-0.0035549055
2017-01-10,0.0000000000
2017-01-11,0.0028256424
2017-01-12,-0.0021471124
2017-01-13,0.0018481314
2017-01-17,-0.0029719145
2017-01-18,0.0017622005
2017-01-19,-0.0036158376
2017-01-20,0.0033605841
2017-01-23,-0.0026937496
2017-01-24,0.0065431405
2017-01-25,0.0079940528
2017-01-26,-0.0007356549
2017-01-27,-0.0008668395
2017-01-30,-0.0060276735
2017-01-31,-0.0008903016
2017-02-01,0.0002983190
2017-02-02,0.0005701468
2017-02-03,0.0072384969
2017-02-06,-0.0021175975
2017-02-07,0.0002268035
2017-02-08,0.0006930821
2017-02-09,0.0057360637
2017-02-10,0.0035597068
2017-02-13,0.0052321336
2017-02-14,0.0039993272
2017-02-15,0.0049798887
2017-02-16,-0.0008644916
2017-02-17,0.0016771493
2017-02-21,0.0060298500
2017-02-22,-0.0010827861
2017-02-23,0.0004188990
2017-02-24,0.0014922502
2017-02-27,0.0010174653
2017-02-28,-0.0025817061
2017-03-01,0.0135812111
2017-03-02,-0.0058771170
2017-03-03,0.0005037504
2017-03-06,-0.0032826228
2017-03-07,-0.0029176259
2017-03-08,-0.0022868280
2017-03-09,0.0007995756
2017-03-10,0.0032633397
2017-03-13,0.0003665656
2017-03-14,-0.0033847490
2017-03-15,0.0083398791
2017-03-16,-0.0016280348
2017-03-17,-0.0013151793
2017-03-20,-0.0020119161
2017-03-21,-0.0124855946
2017-03-22,0.0018881028
2017-03-23,-0.0010608321
2017-03-24,-0.0008443522
2017-03-27,-0.0010201076
2017-03-28,0.0072253088
2017-03-29,0.0010847362
2017-03-30,0.0029308109
2017-03-31,-0.0022575939
2017-04-03,-0.0016434753
2017-04-04,0.0005593661
2017-04-05,-0.0030595368
2017-04-06,0.0019276503
2017-04-07,-0.0008274725
2017-04-10,0.0006874501
2017-04-11,-0.0014349083
2017-04-12,-0.0037670374
2017-04-13,-0.0068380203
2017-04-17,0.0085764657
2017-04-18,-0.0029076028
2017-04-19,-0.0017178254
2017-04-20,0.0075288504
2017-04-21,-0.0030396881
2017-04-24,0.0107817366
2017-04-25,0.0060722142
2017-04-26,-0.0004858215
2017-04-27,0.0005527670
2017-04-28,-0.0019149795
2017-05-01,0.0017307918
2017-05-02,0.0011883436
2017-05-03,-0.0012721694
2017-05-04,0.0005819333
2017-05-05,0.0040803594
2017-05-08,0.0000374453
2017-05-09,-0.0010257746
2017-05-10,0.0011299627
2017-05-11,-0.0021651514
2017-05-12,-0.0014795353
2017-05-15,0.0047651423
2017-05-16,-0.0006871330
2017-05-17,-0.0183454682
2017-05-18,0.0036800386
2017-05-19,0.0067447032
2017-05-22,0.0051468633
2017-05-23,0.0018361852
2017-05-24,0.0024860338
2017-05-25,0.0044321120
2017-05-26,0.0003105018
2017-05-30,-0.0012053507
2017-05-31,-0.0004600746
2017-06-01,0.0075425956
2017-06-02,0.0037008746
2017-06-05,-0.0012184071
2017-06-06,-0.0027829087
2017-06-07,0.0015670288
2017-06-08,0.0002671690
2017-06-09,-0.0008303339
2017-06-12,-0.0009792425
2017-06-13,0.0045013588
2017-06-14,-0.0009963270
2017-06-15,-0.0022421098
2017-06-16,0.0002835992
2017-06-19,0.0083125832
2017-06-20,-0.0067191604
2017-06-21,-0.0005828142
2017-06-22,-0.0004558860
2017-06-23,0.0015596986
2017-06-26,0.0003157519
2017-06-27,-0.0081055866
2017-06-28,0.0087695016
2017-06-29,-0.0086372168
2017-06-30,0.0015320576
2017-07-03,0.0023081680
2017-07-05,0.0014522240
2017-07-06,-0.0094129873
2017-07-07,0.0063827126
2017-07-10,0.0009273361
2017-07-11,-0.0007829871
2017-07-12,0.0072790509
2017-07-13,0.0018728295
2017-07-14,0.0046626162
2017-07-17,-0.0000529142
2017-07-18,0.0005976787
2017-07-19,0.0053582582
2017-07-20,-0.0001536711
2017-07-21,-0.0003679393
2017-07-24,-0.0010643010
2017-07-25,0.0029189075
2017-07-26,0.0002826240
2017-07-27,-0.0009731616
2017-07-28,-0.0013420157
2017-07-31,-0.0007284108
2017-08-01,0.0024461208
2017-08-02,0.0004925274
2017-08-03,-0.0021860418
2017-08-04,0.0018873214
2017-08-07,0.0016458446
2017-08-08,-0.0024173522
2017-08-09,-0.0003636748
2017-08-10,-0.0145802184
2017-08-11,0.0012747571
2017-08-14,0.0099936512
2017-08-15,-0.0004989323
2017-08-16,0.0014190955
2017-08-17,-0.0155573425
2017-08-18,-0.0018370537
2017-08-21,0.0011619757
2017-08-22,0.0098916953
2017-08-23,-0.0034595701
2017-08-24,-0.0020766167
2017-08-25,0.0016714717
2017-08-28,0.0004869535
2017-08-29,0.0008424668
2017-08-30,0.0046045318
2017-08-31,0.0057046736
2017-09-01,0.0019805780
2017-09-05,-0.0075794586
2017-09-06,0.0031238425
2017-09-07,-0.0001784520
2017-09-08,-0.0014899601
2017-09-11,0.0107809752
2017-09-12,0.0033583026
2017-09-13,0.0007568342
2017-09-14,-0.0011013239
2017-09-15,0.0018454775
2017-09-18,0.0014548619
2017-09-19,0.0011095796
2017-09-20,0.0006341467
2017-09-21,-0.0030505659
2017-09-22,0.0006475840
2017-09-25,-0.0022245227
2017-09-26,0.0000721641
2017-09-27,0.0040768224
2017-09-28,0.0012038906
2017-09-29,0.0036982631
2017-10-02,0.0038665188
2017-10-03,0.0021565112
2017-10-04,0.0012459437
2017-10-05,0.0056309040
2017-10-06,-0.0010742112
2017-10-09,-0.0018060639
2017-10-10,0.0023197196
2017-10-11,0.0018018829
2017-10-12,-0.0016881771
2017-10-13,0.0008777220
2017-10-16,0.0017492225
2017-10-17,0.0006723529
2017-10-18,0.0007420595
2017-10-19,0.0003279441
2017-10-20,0.0051037962
2017-10-23,-0.0039803953
2017-10-24,0.0016166009
2017-10-25,-0.0046739557
2017-10-26,0.0012701393
2017-10-27,0.0080406100
2017-10-30,-0.0031975774
2017-10-31,0.0009440129
2017-11-01,0.0015908441
2017-11-02,0.0001899478
2017-11-03,0.0030922893
2017-11-06,0.0012704439
2017-11-07,-0.0001891208
2017-11-08,0.0014426139
2017-11-09,-0.0037689813
2017-11-10,-0.0008980470
2017-11-13,0.0009831509
2017-11-14,-0.0023122806
2017-11-15,-0.0055409987
2017-11-16,0.0081626528
2017-11-17,-0.0026294170
2017-11-20,0.0012748699
2017-11-21,0.0065198389
2017-11-22,-0.0007505427
2017-11-24,0.0020539843
2017-11-27,-0.0003843316
2017-11-28,0.0098003322
2017-11-29,-0.0003692939
2017-11-30,0.0081575867
2017-12-01,-0.0020265829
2017-12-04,-0.0010527105
2017-12-05,-0.0037463905
2017-12-06,-0.0001141122
2017-12-07,0.0029280670
2017-12-08,0.0054912020
2017-12-11,0.0031968421
2017-12-12,0.0015477237
2017-12-13,-0.0004730690
2017-12-14,-0.0040791677
2017-12-15,0.0089343134
2017-12-18,0.0053484786
2017-12-19,-0.0032354980
2017-12-20,-0.0008282361
2017-12-21,0.0019836870
2017-12-22,-0.0004582716
2017-12-26,-0.0010589757
2017-12-27,0.0007906283
2017-12-28,0.0018323190
2017-12-29,-0.0051966323
2018-01-02,0.0082690782
2018-01-03,0.0063784332
2018-01-04,0.0040205429
2018-01-05,0.0070091459
2018-01-08,0.0016609638
2018-01-09,0.0013020835
2018-01-10,-0.0011128458
2018-01-11,0.0070090258
2018-01-12,0.0067269264
2018-01-16,-0.0035307133
2018-01-17,0.0093710062
2018-01-18,-0.0016176975
2018-01-19,0.0043756480
2018-01-22,0.0080343644
2018-01-23,0.0021720050
2018-01-24,-0.0005601325
2018-01-25,0.0006024394
2018-01-26,0.0117716381
2018-01-29,-0.0067547363
2018-01-30,-0.0109586428
2018-01-31,0.0004888659
2018-02-01,-0.0006482984
2018-02-02,-0.0214366805
2018-02-05,-0.0418425409
2018-02-06,0.0172905733
2018-02-07,-0.0050141382
2018-02-08,-0.0382590522
2018-02-09,0.0148256452
2018-02-12,0.0138186657
2018-02-13,0.0026095220
2018-02-14,0.0133134398
2018-02-15,0.0119968618
2018-02-16,0.0003733996
2018-02-20,-0.0058585171
2018-02-21,-0.0055116645
2018-02-22,0.0009730775
2018-02-23,0.0159012782
2018-02-26,0.0116884386
2018-02-27,-0.0127883114
2018-02-28,-0.0111578061
2018-03-01,-0.0134139659
2018-03-02,0.0050587855
2018-03-05,0.0109716176
2018-03-06,0.0026353829
2018-03-07,-0.0004839918
2018-03-08,0.0044531482
2018-03-09,0.0172295467
2018-03-12,-0.0012747973
2018-03-13,-0.0063839104
2018-03-14,-0.0057409698
2018-03-15,-0.0007822364
2018-03-16,0.0017019979
2018-03-19,-0.0143060405
2018-03-20,0.0014807087
2018-03-21,-0.0018456921
2018-03-22,-0.0254848870
2018-03-23,-0.0211898073
2018-03-26,0.0267950407
2018-03-27,-0.0174272856
2018-03-28,-0.0029209189
2018-03-29,0.0136757775
2018-04-02,-0.0225906823
2018-04-03,0.0125359613
2018-04-04,0.0115001023
2018-04-05,0.0068394214
2018-04-06,-0.0221640671
2018-04-09,0.0033309950
2018-04-10,0.0165885990
2018-04-11,-0.0055406858
2018-04-12,0.0082168987
2018-04-13,-0.0028907998
2018-04-16,0.0080763368
2018-04-17,0.0106050716
2018-04-18,0.0008310204
2018-04-19,-0.0057425818
2018-04-20,-0.0085731772
2018-04-23,0.0000562301
2018-04-24,-0.0134708880
2018-04-25,0.0018353742
2018-04-26,0.0103801442
2018-04-27,0.0011130053
2018-04-30,-0.0082211925
2018-05-01,0.0025458022
2018-05-02,-0.0072319512
2018-05-03,-0.0022562176
2018-05-04,0.0127298100
2018-05-07,0.0034519806
2018-05-08,-0.0002656766
2018-05-09,0.0096356479
2018-05-10,0.0093270116
2018-05-11,0.0017061393
2018-05-14,0.0008830995
2018-05-15,-0.0068656550
2018-05-16,0.0040523398
2018-05-17,-0.0008562388
2018-05-18,-0.0026356653
2018-05-21,0.0073596045
2018-05-22,-0.0031406886
2018-05-23,0.0032431452
2018-05-24,-0.0020252630
2018-05-25,-0.0023600031
2018-05-29,-0.0116315725
2018-05-30,0.0126158754
2018-05-31,-0.0069033332
2018-06-01,0.0107907997
2018-06-04,0.0044695949
2018-06-05,0.0007023463
2018-06-06,0.0085309006
2018-06-07,-0.0007144436
2018-06-08,0.0031210289
2018-06-11,0.0010681370
2018-06-12,0.0017418673
2018-06-13,-0.0040342545
2018-06-14,0.0024685005
2018-06-15,-0.0010176203
2018-06-18,-0.0021283912
2018-06-19,-0.0040315180
2018-06-20,0.0017106902
2018-06-21,-0.0063657288
2018-06-22,0.0018602033
2018-06-25,-0.0138197230
2018-06-26,0.0022021505
2018-06-27,-0.0086415863
2018-06-28,0.0061596800
2018-06-29,0.0007581159
2018-07-02,0.0030632608
2018-07-03,-0.0049596293
2018-07-05,0.0085838567
2018-07-06,0.0084455176
2018-07-09,0.0087842908
2018-07-10,0.0034672493
2018-07-11,-0.0071194864
2018-07-12,0.0087109916
2018-07-13,0.0010786555
2018-07-16,-0.0010286646
2018-07-17,0.0039658243
2018-07-18,0.0021581821
2018-07-19,-0.0039608268
2018-07-20,-0.0009488978
2018-07-23,0.0018363623
2018-07-24,0.0047695189
2018-07-25,0.0090604351
2018-07-26,-0.0030369027
2018-07-27,-0.0065838346
2018-07-30,-0.0057707893
2018-07-31,0.0048728372
2018-08-01,-0.0010408931
2018-08-02,0.0049143496
2018-08-03,0.0046334321
2018-08-06,0.0035319827
2018-08-07,0.0028202017
2018-08-08,-0.0002624144
2018-08-09,-0.0014427147
2018-08-10,-0.0071393123
2018-08-13,-0.0040140377
2018-08-14,0.0063689300
2018-08-15,-0.0076312086
2018-08-16,0.0078882146
2018-08-17,0.0033176064
2018-08-20,0.0024250749
2018-08-21,0.0020664000
2018-08-22,-0.0003982311
2018-08-23,-0.0016926939
2018-08-24,0.0061797059
2018-08-27,0.0076411414
2018-08-28,0.0002692421
2018-08-29,0.0056852425
2018-08-30,-0.0044401720
2018-08-31,0.0001344685
2018-09-04,-0.0016556920
2018-09-05,-0.0028070628
2018-09-06,-0.0036589910
2018-09-07,-0.0022157979
2018-09-10,0.0018960282
2018-09-11,0.0037328657
2018-09-12,0.0003566083
2018-09-13,0.0052683522
2018-09-14,0.0002754439
2018-09-17,-0.0055852910
2018-09-18,0.0053546529
2018-09-19,0.0012524880
2018-09-20,0.0078100142
2018-09-21,-0.0003686009
2018-09-24,-0.0035218823
2018-09-25,-0.0013059485
2018-09-26,-0.0032946997
2018-09-27,0.0027594762
2018-09-28,-0.0000068701
2018-10-01,0.0036344923
2018-10-02,-0.0003967689
2018-10-03,0.0007112667
2018-10-04,-0.0082030354
2018-10-05,-0.0055433146
2018-10-08,-0.0003951947
2018-10-09,-0.0014189098
2018-10-10,-0.0334163890
2018-10-11,-0.0207875800
2018-10-12,0.0141062354
2018-10-15,-0.0059224823
2018-10-16,0.0212678280
2018-10-17,-0.0002526943
2018-10-18,-0.0144964906
2018-10-19,-0.0003612351
2018-10-22,-0.0043087971
2018-10-23,-0.0055270762
2018-10-24,-0.0313507739
2018-10-25,0.0184537180
2018-10-26,-0.0174791380
2018-10-29,-0.0065812083
2018-10-30,0.0155453230
2018-10-31,0.0107928788
2018-11-01,0.0105024989
2018-11-02,-0.0063367211
2018-11-05,0.0055846937
2018-11-06,0.0062397877
2018-11-07,0.0209870786
2018-11-08,-0.0025120690
2018-11-09,-0.0092415859
2018-11-12,-0.0198981510
2018-11-13,-0.0014830188
2018-11-14,-0.0075961888
2018-11-15,0.0105380327
2018-11-16,0.0022208375
2018-11-19,-0.0167831612
2018-11-20,-0.0183179956
2018-11-21,0.0030386693
2018-11-23,-0.0065764197
2018-11-26,0.0154129758
2018-11-27,0.0032563844
2018-11-28,0.0227140513
2018-11-29,-0.0021854945
2018-11-30,0.0081375477
2018-12-03,0.0108820018
2018-12-04,-0.0329002288
2018-12-06,-0.0015233879
2018-12-07,-0.0235963355
2018-12-10,0.0017606032
2018-12-11,-0.0003564097
2018-12-12,0.0054048710
2018-12-13,-0.0001999503
2018-12-14,-0.0192712123
2018-12-17,-0.0209922848
2018-12-18,0.0000863969
2018-12-19,-0.0155154592
2018-12-20,-0.0158978095
2018-12-21,-0.0208031205
2018-12-24,-0.0274865729
2018-12-26,0.0484031777
2018-12-27,0.0085262290
2018-12-28,-0.0012423539
2018-12-31,0.0084566259
2019-01-02,0.0012676931
2019-01-03,-0.0250683318
2019-01-04,0.0337593991
2019-01-07,0.0069859760
2019-01-08,0.0096485873
2019-01-09,0.0040896713
2019-01-10,0.0045082414
2019-01-11,-0.0001463085
2019-01-14,-0.0052713946
2019-01-15,0.0106646189
2019-01-16,0.0022195205
2019-01-17,0.0075627307
2019-01-18,0.0130969128
2019-01-22,-0.0142584768
2019-01-23,0.0022004899
2019-01-24,0.0013747801
2019-01-25,0.0084528677
2019-01-28,-0.0078777758
2019-01-29,-0.0014573079
2019-01-30,0.0154296099
2019-01-31,0.0085606488
2019-02-01,0.0008982066
2019-02-04,0.0067533811
2019-02-05,0.0046973704
2019-02-06,-0.0022269157
2019-02-07,-0.0094011932
2019-02-08,0.0006759726
2019-02-11,0.0007088518
2019-02-12,0.0128078529
2019-02-13,0.0030194316
2019-02-14,-0.0026551634
2019-02-15,0.0108200047
2019-02-19,0.0014976213
2019-02-20,0.0017755336
2019-02-21,-0.0035326693
2019-02-22,0.0063906387
2019-02-25,0.0012311044
2019-02-26,-0.0007907697
2019-02-27,-0.0005441974
2019-02-28,-0.0028295076
2019-03-01,0.0068716566
2019-03-04,-0.0038881074
2019-03-05,-0.0011321735
2019-03-06,-0.0065454736
2019-03-07,-0.0081589111
2019-03-08,-0.0021339641
2019-03-11,0.0145595356
2019-03-12,0.0029489657
2019-03-13,0.0069255468
2019-03-14,-0.0008683993
2019-03-15,0.0049725194
2019-03-18,0.0036990968
2019-03-19,-0.0001305701
2019-03-20,-0.0029486967
2019-03-21,0.0107940155
2019-03-22,-0.0191568271
2019-03-25,-0.0008393728
2019-03-26,0.0071570529
2019-03-27,-0.0046551433
2019-03-28,0.0035830547
2019-03-29,0.0067117060
2019-04-01,0.0115021955
2019-04-02,0.0000174556
2019-04-03,0.0021460724
2019-04-04,0.0020824652
2019-04-05,0.0046257176
2019-04-08,0.0010469118
2019-04-09,-0.0060859764
2019-04-10,0.0034718378
2019-04-11,0.0000381223
2019-04-12,0.0065875784
2019-04-15,-0.0006295672
2019-04-16,0.0005092283
2019-04-17,-0.0022764008
2019-04-18,0.0015778468
2019-04-22,0.0010115058
2019-04-23,0.0088023512
2019-04-24,-0.0021941686
2019-04-25,-0.0003690417
2019-04-26,0.0046743503
2019-04-29,0.0010709485
2019-04-30,0.0009509647
2019-05-01,-0.0075304459
2019-05-02,-0.0021262446
2019-05-03,0.0095921275
2019-05-06,-0.0044810132
2019-05-07,-0.0166494881
2019-05-08,-0.0016067154
2019-05-09,-0.0030259987
2019-05-10,0.0037133941
2019-05-13,-0.0244264691
2019-05-14,0.0079839875
2019-05-15,0.0058219943
2019-05-16,0.0088559571
2019-05-17,-0.0058544372
2019-05-20,-0.0067722580
2019-05-21,0.0084599491
2019-05-22,-0.0028283924
2019-05-23,-0.0119856922
2019-05-24,0.0013526438
2019-05-28,-0.0084109500
2019-05-29,-0.0069359102
2019-05-30,0.0020962727
2019-05-31,-0.0132832053
2019-06-03,-0.0027690707
2019-06-04,0.0212059271
2019-06-05,0.0081287270
2019-06-06,0.0061168407
2019-06-07,0.0104429792
2019-06-10,0.0046492201
2019-06-11,-0.0003499415
2019-06-12,-0.0020396578
2019-06-13,0.0040890105
2019-06-14,-0.0016128118
2019-06-17,0.0009313154
2019-06-18,0.0096704896
2019-06-19,0.0029807168
2019-06-20,0.0094276053
2019-06-21,-0.0012600163
2019-06-24,-0.0017333885
2019-06-25,-0.0095417756
2019-06-26,-0.0012346957
2019-06-27,0.0038158858
2019-06-28,0.0057409418
2019-07-01,0.0076430186
2019-07-02,0.0029238473
2019-07-03,0.0076430957
2019-07-05,-0.0018075342
2019-07-08,-0.0048471730
2019-07-09,0.0012357931
2019-07-10,0.0045005469
2019-07-11,0.0022826196
2019-07-12,0.0046095343
2019-07-15,0.0001758537
2019-07-16,-0.0034095846
2019-07-17,-0.0065526655
2019-07-18,0.0035755977
2019-07-19,-0.0061958895
2019-07-22,0.0028247017
2019-07-23,0.0068241451
2019-07-24,0.0046771928
2019-07-25,-0.0052762965
2019-07-26,0.0073605358
2019-07-29,-0.0016174219
2019-07-30,-0.0025819854
2019-07-31,-0.0109452070
2019-08-01,-0.0090395276
2019-08-02,-0.0073093885
2019-08-05,-0.0302301822
2019-08-06,0.0129330239
2019-08-07,0.0007665823
2019-08-08,0.0185884625
2019-08-09,-0.0066385931
2019-08-12,-0.0123938091
2019-08-13,0.0150183463
2019-08-14,-0.0297303525
2019-08-15,0.0024612367
2019-08-16,0.0143230582
2019-08-19,0.0120331756
2019-08-20,-0.0079462153
2019-08-21,0.0082129796
2019-08-22,-0.0005062030
2019-08-23,-0.0262888811
2019-08-26,0.0109231127
2019-08-27,-0.0032083218
2019-08-28,0.0065241515
2019-08-29,0.0126074824
2019-08-30,0.0006425808
2019-09-03,-0.0069230093
2019-09-04,0.0107837253
2019-09-05,0.0129259129
2019-09-06,0.0009101908
2019-09-09,-0.0000940147
2019-09-10,0.0003222524
2019-09-11,0.0072036723
2019-09-12,0.0028750163
2019-09-13,-0.0007246769
2019-09-16,-0.0031405129
2019-09-17,0.0025784254
2019-09-18,0.0003426333
2019-09-19,0.0000199745
2019-09-20,-0.0049075991
2019-09-23,-0.0000969406
2019-09-24,-0.0084519890
2019-09-25,0.0061396852
2019-09-26,-0.0024318710
2019-09-27,-0.0053305346
2019-09-30,0.0050349102
2019-10-01,-0.0123341269
2019-10-02,-0.0180654042
2019-10-03,0.0079403048
2019-10-04,0.0141167852
2019-10-07,-0.0044883523
2019-10-08,-0.0156831596
2019-10-09,0.0090632965
2019-10-10,0.0063952024
2019-10-11,0.0108795797
2019-10-14,-0.0013880817
2019-10-15,0.0099064454
2019-10-16,-0.0020015446
2019-10-17,0.0027590220
2019-10-18,-0.0039270457
2019-10-21,0.0068481141
2019-10-22,-0.0035750493
2019-10-23,0.0028431033
2019-10-24,0.0019186047
2019-10-25,0.0040644295
2019-10-28,0.0055658199
2019-10-29,-0.0008327520
2019-10-30,0.0032480894
2019-10-31,-0.0030274386
2019-11-01,0.0096159306
2019-11-04,0.0036972458
2019-11-05,-0.0011864027
2019-11-06,0.0007022506
2019-11-07,0.0027263752
2019-11-08,0.0025574031
2019-11-11,-0.0019643954
2019-11-12,0.0015634233
2019-11-13,0.0007112816
2019-11-14,0.0008366926
2019-11-15,0.0076660288
2019-11-18,0.0005030263
2019-11-19,-0.0005927701
2019-11-20,-0.0037632564
2019-11-21,-0.0015840061
2019-11-22,0.0021725739
2019-11-25,0.0074792519
2019-11-26,0.0021931636
2019-11-27,0.0041657356
2019-11-29,-0.0040192862
2019-12-02,-0.0086684837
2019-12-03,-0.0066602253
2019-12-04,0.0063036576
2019-12-05,0.0014991269
2019-12-06,0.0090942460
2019-12-09,-0.0031678337
2019-12-10,-0.0010975362
2019-12-11,0.0029039375
2019-12-12,0.0085386674
2019-12-13,0.0000725792
2019-12-16,0.0071223609
2019-12-17,0.0003352360
2019-12-18,-0.0004323936
2019-12-19,0.0044493788
2019-12-20,0.0049325958
2019-12-23,0.0008657687
2019-12-24,-0.0001954673
2019-12-26,0.0051150624
2019-12-27,0.0000339841
2019-12-30,-0.0057975961
2019-12-31,0.0029416906
2020-01-02,0.0083438954
2020-01-03,-0.0070849094
2020-01-06,0.0035271452
2020-01-07,-0.0028071751
2020-01-08,0.0048904735
2020-01-09,0.0066332141
2020-01-10,-0.0028592625
2020-01-13,0.0069519940
2020-01-14,-0.0015156808
2020-01-15,0.0018684502
2020-01-16,0.0083317474
2020-01-17,0.0038547232
2020-01-21,-0.0026555004
2020-01-22,0.0002890343
2020-01-23,0.0011403262
2020-01-24,-0.0090832894
2020-01-27,-0.0158557524
2020-01-28,0.0100033835
2020-01-29,-0.0008672501
2020-01-30,0.0031294569
2020-01-31,-0.0178644436
2020-02-03,0.0072284258
2020-02-04,0.0148693159
2020-02-05,0.0111877787
2020-02-06,0.0033201551
2020-02-07,-0.0054154910
2020-02-10,0.0072996901
2020-02-11,0.0016870487
2020-02-12,0.0064418531
2020-02-13,-0.0016317764
2020-02-14,0.0018418361
2020-02-18,-0.0029242140
2020-02-19,0.0046947483
2020-02-20,-0.0038228174
2020-02-21,-0.0105738092
2020-02-24,-0.0340880794
2020-02-25,-0.0307479044
2020-02-26,-0.0037856973
2020-02-27,-0.0451681364
2020-02-28,-0.0082724631
2020-03-02,0.0450108688
2020-03-03,-0.0285104849
2020-03-04,0.0413363494
2020-03-05,-0.0345107824
2020-03-06,-0.0172009437
2020-03-09,-0.0790104129
2020-03-10,0.0482150524
2020-03-11,-0.0501028928
2020-03-12,-0.0999448524
2020-03-13,0.0888084069
2020-03-16,-0.1276521975
2020-03-17,0.0582263126
2020-03-18,-0.0532222723
2020-03-19,0.0046967610
2020-03-20,-0.0443276241
2020-03-23,-0.0297315010
2020-03-24,0.0896832325
2020-03-25,0.0114689904
2020-03-26,0.0605438311
2020-03-27,-0.0342678455
2020-03-30,0.0329665906
2020-03-31,-0.0161423108
2020-04-01,-0.0451463627
2020-04-02,0.0225726571
2020-04-03,-0.0152528608
2020-04-06,0.0679682441
2020-04-07,-0.0016043390
2020-04-08,0.0334893712
2020-04-09,0.0143834703
2020-04-13,-0.0101560594
2020-04-14,0.0301145596
2020-04-15,-0.0222767327
2020-04-16,0.0057998378
2020-04-17,0.0264409320
2020-04-20,-0.0180428456
2020-04-21,-0.0311551152
2020-04-22,0.0226713006
2020-04-23,-0.0005395677
2020-04-24,0.0138220906
2020-04-27,0.0146068682
2020-04-28,-0.0052561702
2020-04-29,0.0262367040
2020-04-30,-0.0092551433
2020-05-01,-0.0284602110
2020-05-04,0.0042408226
2020-05-05,0.0089999352
2020-05-06,-0.0070038804
2020-05-07,0.0114389558
2020-05-08,0.0167307951
2020-05-11,0.0001330694
2020-05-12,-0.0207133658
2020-05-13,-0.0176169966
2020-05-14,0.0114589178
2020-05-15,0.0039186752
2020-05-18,0.0310152088
2020-05-19,-0.0105397477
2020-05-20,0.0165139906
2020-05-21,-0.0078039683
2020-05-22,0.0023509457
2020-05-26,0.0122142850
2020-05-27,0.0147184475
2020-05-28,-0.0021101393
2020-05-29,0.0048007936
2020-06-01,0.0037442165
2020-06-02,0.0081773073
2020-06-03,0.0135566708
2020-06-04,-0.0033743891
2020-06-05,0.0258740128
2020-06-08,0.0119696564
2020-06-09,-0.0078297434
2020-06-10,-0.0053272557
2020-06-11,-0.0607526930
2020-06-12,0.0129762866
2020-06-15,0.0082778608
2020-06-16,0.0187848529
2020-06-17,-0.0036067962
2020-06-18,0.0005940434
2020-06-19,-0.0056655136
2020-06-22,0.0064740933
2020-06-23,0.0042981692
2020-06-24,-0.0261952656
2020-06-25,0.0108998277
2020-06-26,-0.0245252043
2020-06-29,0.0145788881
2020-06-30,0.0152923494
2020-07-01,0.0050095640
2020-07-02,0.0045309705
2020-07-06,0.0157569308
2020-07-07,-0.0108774779
2020-07-08,0.0077969863
2020-07-09,-0.0056595915
2020-07-10,0.0104118098
2020-07-13,-0.0094066452
2020-07-14,0.0133173006
2020-07-15,0.0090410569
2020-07-16,-0.0034119152
2020-07-17,0.0028445626
2020-07-20,0.0083717973
2020-07-21,0.0016776293
2020-07-22,0.0057306306
2020-07-23,-0.0123963784
2020-07-24,-0.0062096400
2020-07-27,0.0073679288
2020-07-28,-0.0064944354
2020-07-29,0.0123517834
2020-07-30,-0.0037573018
2020-07-31,0.0076412362
2020-08-03,0.0071553627
2020-08-04,0.0036054230
2020-08-05,0.0064091604
2020-08-06,0.0064071260
2020-08-07,0.0006328293
2020-08-10,0.0027384653
2020-08-11,-0.0080010554
2020-08-12,0.0138995023
2020-08-13,-0.0020492727
2020-08-14,-0.0001718974
2020-08-17,0.0027061775
2020-08-18,0.0023007404
2020-08-19,-0.0044141233
2020-08-20,0.0031536548
2020-08-21,0.0034352000
2020-08-24,0.0099936154
2020-08-25,0.0035898997
2020-08-26,0.0101440013
2020-08-27,0.0016716460
2020-08-28,0.0067100028
2020-08-31,-0.0021973752
2020-09-01,0.0074968314
2020-09-02,0.0152490501
2020-09-03,-0.0357575941
2020-09-04,-0.0081662808
2020-09-08,-0.0281488291
2020-09-09,0.0199447607
2020-09-10,-0.0177412459
2020-09-11,0.0005329302
2020-09-14,0.0126613350
2020-09-15,0.0052057859
2020-09-16,-0.0046296469
2020-09-17,-0.0084479495
2020-09-18,-0.0112455769
2020-09-21,-0.0116385640
2020-09-22,0.0104630164
2020-09-23,-0.0240073389
2020-09-24,0.0029830056
2020-09-25,0.0158504392
2020-09-28,0.0159821919
2020-09-29,-0.0048242827
2020-09-30,0.0082198426
2020-10-01,0.0052789496
2020-10-02,-0.0096238129
2020-10-05,0.0178131090
2020-10-06,-0.0140720644
2020-10-07,0.0172471638
2020-10-08,0.0079782129
2020-10-09,0.0087550952
2020-10-12,0.0162825302
2020-10-13,-0.0063268916
2020-10-14,-0.0066451721
2020-10-15,-0.0015289235
2020-10-16,0.0001349105
2020-10-19,-0.0164646635
2020-10-20,0.0047161953
2020-10-21,-0.0021981140
2020-10-22,0.0052053540
2020-10-23,0.0034398383
2020-10-26,-0.0187644730
2020-10-27,-0.0030302054
2020-10-28,-0.0359255421
2020-10-29,0.0118765249
2020-10-30,-0.0122037134
2020-11-02,0.0122429509
2020-11-03,0.0176427377
2020-11-04,0.0218075257
2020-11-05,0.0192732658
2020-11-06,-0.0002877566
2020-11-09,0.0116319747
2020-11-10,-0.0014007752
2020-11-11,0.0076227284
2020-11-12,-0.0100286515
2020-11-13,0.0135185467
2020-11-16,0.0115807349
2020-11-17,-0.0048034438
2020-11-18,-0.0116312106
2020-11-19,0.0039386757
2020-11-20,-0.0068157374
2020-11-23,0.0056201082
2020-11-24,0.0160324588
2020-11-25,-0.0015856748
2020-11-27,0.0023941110
2020-11-30,-0.0046061406
2020-12-01,0.0112081407
2020-12-02,0.0017895645
2020-12-03,-0.0006243521
2020-12-04,0.0087974637
2020-12-07,-0.0019375134
2020-12-08,0.0027832712
2020-12-09,-0.0079809649
2020-12-10,-0.0012859345
2020-12-11,-0.0012657981
2020-12-14,-0.0043687882
2020-12-15,0.0128384820
2020-12-16,0.0017712256
2020-12-17,0.0057411428
2020-12-18,-0.0035172970
2020-12-21,-0.0039139285
2020-12-22,-0.0020752447
2020-12-23,0.0007455333
2020-12-24,0.0035303500
2020-12-28,0.0086847075
2020-12-29,-0.0022298648
2020-12-30,0.0013406481
2020-12-31,0.0064182047
2021-01-04,-0.0148647627
2021-01-05,0.0070576314
2021-01-06,0.0056936034
2021-01-07,0.0147382601
2021-01-08,0.0054768374
2021-01-11,-0.0065763276
2021-01-12,0.0004157020
2021-01-13,0.0022730564
2021-01-14,-0.0037605131
2021-01-15,-0.0072160008
2021-01-19,0.0081034576
2021-01-20,0.0138394174
2021-01-21,0.0003166732
2021-01-22,-0.0030151527
2021-01-25,0.0036093175
2021-01-26,-0.0014899432
2021-01-27,-0.0260133151
2021-01-28,0.0097132988
2021-01-29,-0.0195003777
2021-02-01,0.0159243002
2021-02-02,0.0138025288
2021-02-03,0.0010082606
2021-02-04,0.0107948476
2021-02-05,0.0038899196
2021-02-08,0.0073721075
2021-02-09,-0.0011141454
2021-02-10,-0.0003452445
2021-02-11,0.0016610748
2021-02-12,0.0046999709
2021-02-16,-0.0005694345
2021-02-17,-0.0003204533
2021-02-18,-0.0044256142
2021-02-19,-0.0018566191
2021-02-22,-0.0077628929
2021-02-23,0.0012555296
2021-02-24,0.0112876677
2021-02-25,-0.0247833944
2021-02-26,-0.0047615323
2021-03-01,0.0235121732
2021-03-02,-0.0081136787
2021-03-03,-0.0131523359
2021-03-04,-0.0135080381
2021-03-05,0.0193083563
2021-03-08,-0.0053736432
2021-03-09,0.0140554007
2021-03-10,0.0060122038
2021-03-11,0.0103418255
2021-03-12,0.0010148833
2021-03-15,0.0064709395
2021-03-16,-0.0015709170
2021-03-17,0.0028752447
2021-03-18,-0.0148705601
2021-03-19,-0.0006028857
2021-03-22,0.0070005569
2021-03-23,-0.0076601181
2021-03-24,-0.0054823366
2021-03-25,0.0052265834
2021-03-26,0.0164944187
2021-03-29,-0.0008683896
2021-03-30,-0.0031628294
2021-03-31,0.0036159536
2021-04-01,0.0117558304
2021-04-05,0.0143349878
2021-04-06,-0.0009740049
2021-04-07,0.0014741457
2021-04-08,0.0042117509
2021-04-09,0.0076902881
2021-04-12,-0.0001960981
2021-04-13,0.0032890719
2021-04-14,-0.0040961043
2021-04-15,0.0110331014
2021-04-16,0.0036023234
2021-04-19,-0.0053206899
2021-04-20,-0.0068255610
2021-04-21,0.0092630209
2021-04-22,-0.0092533379
2021-04-23,0.0108694099
2021-04-26,0.0017806846
2021-04-27,-0.0002149190
2021-04-28,-0.0008458976
2021-04-29,0.0067400415
2021-04-30,-0.0072207134
2021-05-03,0.0027443216
2021-05-04,-0.0067007375
2021-05-05,0.0007032164
2021-05-06,0.0081322995
2021-05-07,0.0073462914
2021-05-10,-0.0104904805
2021-05-11,-0.0087117501
2021-05-12,-0.0216827824
2021-05-13,0.0120996446
2021-05-14,0.0148077786
2021-05-17,-0.0025332582
2021-05-18,-0.0085537724
2021-05-19,-0.0029477518
2021-05-20,0.0104994293
2021-05-21,-0.0007841881
2021-05-24,0.0098624975
2021-05-25,-0.0021275454
2021-05-26,0.0018750576
2021-05-27,0.0011646361
2021-05-28,0.0007685865
2021-06-01,-0.0004924548
2021-06-02,0.0014458890
2021-06-03,-0.0036353031
2021-06-04,0.0087953034
2021-06-07,-0.0007970563
2021-06-08,0.0001750095
2021-06-09,-0.0018255326
2021-06-10,0.0046414548
2021-06-11,0.0019465389
2021-06-14,0.0018135564
2021-06-15,-0.0020137200
2021-06-16,-0.0054047037
2021-06-17,-0.0004358105
2021-06-18,-0.0132113557
2021-06-21,0.0139051635
2021-06-22,0.0051114064
2021-06-23,-0.0010838705
2021-06-24,0.0057944295
2021-06-25,0.0033250632
2021-06-28,0.0023122889
2021-06-29,0.0002772977
2021-06-30,0.0013272784
2021-07-01,0.0052080414
2021-07-02,0.0074720959
2021-07-06,-0.0020239028
2021-07-07,0.0033533466
2021-07-08,-0.0085978810
2021-07-09,0.0112148259
2021-07-12,0.0034452327
2021-07-13,-0.0035230112
2021-07-14,0.0011642566
2021-07-15,-0.0032675736
2021-07-16,-0.0075674150
2021-07-19,-0.0159967814
2021-07-20,0.0150488060
2021-07-21,0.0082080417
2021-07-22,0.0020146392
2021-07-23,0.0100943324
2021-07-26,0.0023793669
2021-07-27,-0.0047235834
2021-07-28,-0.0001862792
2021-07-29,0.0041973318
2021-07-30,-0.0054207136
2021-08-02,-0.0018445057
2021-08-03,0.0081699613
2021-08-04,-0.0046431507
2021-08-05,0.0059874860
2021-08-06,0.0016738645
2021-08-09,-0.0009403503
2021-08-10,0.0009921870
2021-08-11,0.0012749307
2021-08-12,0.0041378077
2021-08-13,0.0016060163
2021-08-16,0.0026174223
2021-08-17,-0.0070857435
2021-08-18,-0.0108066528
2021-08-19,0.0012559033
2021-08-20,0.0081086039
2021-08-23,0.0084876680
2021-08-24,0.0014946188
2021-08-25,0.0022176574
2021-08-26,-0.0058419498
2021-08-27,0.0087690715
2021-08-30,0.0042973241
2021-08-31,-0.0013500269
2021-09-01,0.0003116401
2021-09-02,0.0028386058
2021-09-03,-0.0003350873
2021-09-07,-0.0034013525
2021-09-08,-0.0013194368
2021-09-09,-0.0046162472
2021-09-10,-0.0077525523
2021-09-13,0.0022739003
2021-09-14,-0.0057632140
2021-09-15,0.0084382942
2021-09-16,-0.0015523447
2021-09-17,-0.0091526303
2021-09-20,-0.0171230777
2021-09-21,-0.0008126887
2021-09-22,0.0094745852
2021-09-23,0.0120616804
2021-09-24,0.0014599428
2021-09-27,-0.0027802439
2021-09-28,-0.0205743177
2021-09-29,0.0015679543
2021-09-30,-0.0119812029
2021-10-01,0.0114259521
2021-10-04,-0.0130709520
2021-10-05,0.0104695175
2021-10-06,0.0040943993
2021-10-07,0.0082640392
2021-10-08,-0.0019155566
2021-10-11,-0.0068894416
2021-10-12,-0.0024197057
2021-10-13,0.0030179559
2021-10-14,0.0169191623
2021-10-15,0.0074325206
2021-10-18,0.0033690878
2021-10-19,0.0073661428
2021-10-20,0.0036573336
2021-10-21,0.0029913932
2021-10-22,-0.0010731292
2021-10-25,0.0047369594
2021-10-26,0.0018181414
2021-10-27,-0.0050643704
2021-10-28,0.0097812884
2021-10-29,0.0019474372
2021-11-01,0.0017984589
2021-11-02,0.0036736071
2021-11-03,0.0064404946
2021-11-04,0.0041732223
2021-11-05,0.0037258500
2021-11-08,0.0008873941
2021-11-09,-0.0035049109
2021-11-10,-0.0082598422
2021-11-11,0.0005507883
2021-11-12,0.0071966976
2021-11-15,-0.0000107399
2021-11-16,0.0038577791
2021-11-17,-0.0026050155
2021-11-18,0.0033790647
2021-11-19,-0.0013996446
2021-11-22,-0.0032022583
2021-11-23,0.0016557614
2021-11-24,0.0022912238
2021-11-26,-0.0229870112
2021-11-29,0.0131138361
2021-11-30,-0.0191433812
2021-12-01,-0.0118855415
2021-12-02,0.0140946384
2021-12-03,-0.0084844551
2021-12-06,0.0116625993
2021-12-07,0.0204956032
2021-12-08,0.0030805356
2021-12-09,-0.0072069882
2021-12-10,0.0095037691
2021-12-13,-0.0091781583
2021-12-14,-0.0074987229
2021-12-15,0.0162162674
2021-12-16,-0.0087818633
2021-12-17,-0.0103409646
2021-12-20,-0.0114533983
2021-12-21,0.0176217554
2021-12-22,0.0101287280
2021-12-23,0.0062044127
2021-12-27,0.0137440516
2021-12-28,-0.0010106654
2021-12-29,0.0014009134
2021-12-30,-0.0029942338
2021-12-31,-0.0026296344
2022-01-03,0.0063538242
2022-01-04,-0.0006298203
2022-01-05,-0.0195832643
2022-01-06,-0.0009642337
2022-01-07,-0.0040584411
2022-01-10,-0.0014420705
2022-01-11,0.0091182865
2022-01-12,0.0028137920
2022-01-13,-0.0143460292
2022-01-14,0.0008196443
2022-01-18,-0.0185591054
2022-01-19,-0.0097367909
2022-01-20,-0.0110987423
2022-01-21,-0.0190959953
2022-01-24,0.0027679048
2022-01-25,-0.0122465906
2022-01-26,-0.0014977569
2022-01-27,-0.0053986352
2022-01-28,0.0240559679
2022-01-31,0.0187098262
2022-02-01,0.0068395603
2022-02-02,0.0093784004
2022-02-03,-0.0246934717
2022-02-04,0.0051436784
2022-02-07,-0.0037085809
2022-02-08,0.0083661135
2022-02-09,0.0144128421
2022-02-10,-0.0182818245
2022-02-11,-0.0191516826
2022-02-14,-0.0038479908
2022-02-15,0.0156437176
2022-02-16,0.0008808197
2022-02-17,-0.0214005041
2022-02-18,-0.0071919617
2022-02-22,-0.0101947354
2022-02-23,-0.0185837357
2022-02-24,0.0148461053
2022-02-25,0.0221260806
2022-02-28,-0.0024455915
2022-03-01,-0.0155944678
2022-03-02,0.0184710468
2022-03-03,-0.0052685207
2022-03-04,-0.0079656845
2022-03-07,-0.0299625868
2022-03-08,-0.0072600440
2022-03-09,0.0253735981
2022-03-10,-0.0043010499
2022-03-11,-0.0130462789
2022-03-14,-0.0074486751
2022-03-15,0.0211826297
2022-03-16,0.0221369216
2022-03-17,0.0122722051
2022-03-18,0.0115948144
2022-03-21,-0.0004347549
2022-03-22,0.0112406996
2022-03-23,-0.0123486303
2022-03-24,0.0142420123
2022-03-25,0.0050533807
2022-03-28,0.0071195510
2022-03-29,0.0121820441
2022-03-30,-0.0063135890
2022-03-31,-0.0157763352
2022-04-01,0.0034044210
2022-04-04,0.0080583825
2022-04-05,-0.0126311591
2022-04-06,-0.0097644339
2022-04-07,0.0042443656
2022-04-08,-0.0026545467
2022-04-11,-0.0170213346
2022-04-12,-0.0034233005
2022-04-13,0.0111126033
2022-04-14,-0.0122184804
2022-04-18,-0.0002048893
2022-04-19,0.0159300447
2022-04-20,-0.0006186664
2022-04-21,-0.0148628556
2022-04-22,-0.0281320764
2022-04-25,0.0056817651
2022-04-26,-0.0285500089
2022-04-27,0.0020958490
2022-04-28,0.0244456553
2022-04-29,-0.0369591598
2022-05-02,0.0056591993
2022-05-03,0.0048254651
2022-05-04,0.0294252216
2022-05-05,-0.0363006776
2022-05-06,-0.0056903844
2022-05-09,-0.0325615195
2022-05-10,0.0024548818
2022-05-11,-0.0166002321
2022-05-12,-0.0012968050
2022-05-13,0.0235892680
2022-05-16,-0.0039542085
2022-05-17,0.0199689196
2022-05-18,-0.0412338093
2022-05-19,-0.0058508648
2022-05-20,0.0001461311
2022-05-23,0.0183849954
2022-05-24,-0.0081539509
2022-05-25,0.0094063856
2022-05-26,0.0196881660
2022-05-27,0.0244411302
2022-05-31,-0.0062941352
2022-06-01,-0.0075109050
2022-06-02,0.0182632254
2022-06-03,-0.0164824056
2022-06-06,0.0031324894
2022-06-07,0.0094783315
2022-06-08,-0.0108526230
2022-06-09,-0.0240864577
2022-06-10,-0.0295424148
2022-06-13,-0.0395399320
2022-06-14,-0.0037808180
2022-06-15,0.0144870588
2022-06-16,-0.0330522071
2022-06-17,0.0021984473
2022-06-21,0.0241824750
2022-06-22,-0.0013024201
2022-06-23,0.0094870725
2022-06-24,0.0301055397
2022-06-27,-0.0029774999
2022-06-28,-0.0203486731
2022-06-29,-0.0007119988
2022-06-30,-0.0087978662
2022-07-01,0.0104985113
2022-07-05,0.0015828751
2022-07-06,0.0035667957
2022-07-07,0.0148537232
2022-07-08,-0.0008306164
2022-07-11,-0.0115944177
2022-07-12,-0.0092868685
2022-07-13,-0.0044668641
2022-07-14,-0.0030031388
2022-07-15,0.0190192317
2022-07-18,-0.0083987425
2022-07-19,0.0272535176
2022-07-20,0.0058784939
2022-07-21,0.0098130667
2022-07-22,-0.0093762873
2022-07-25,0.0013143030
2022-07-26,-0.0116103426
2022-07-27,0.0258200488
2022-07-28,0.0120603198
2022-07-29,0.0141077758
2022-08-01,-0.0028270765
2022-08-02,-0.0066846884
2022-08-03,0.0155174563
2022-08-04,-0.0007776424
2022-08-05,-0.0016270690
2022-08-08,-0.0012383171
2022-08-09,-0.0042577442
2022-08-10,0.0210671585
2022-08-11,-0.0007057229
2022-08-12,0.0171740470
2022-08-15,0.0039616841
2022-08-16,0.0018739228
2022-08-17,-0.0072641149
2022-08-18,0.0022669896
2022-08-19,-0.0129839287
2022-08-22,-0.0216323665
2022-08-23,-0.0022403704
2022-08-24,0.0029119167
2022-08-25,0.0139932418
2022-08-26,-0.0342685763
2022-08-29,-0.0066886752
2022-08-30,-0.0110894165
2022-08-31,-0.0078477382
2022-09-01,0.0029917523
2022-09-02,-0.0107945526
2022-09-06,-0.0041034647
2022-09-07,0.0181748487
2022-09-08,0.0065889669
2022-09-09,0.0151560150
2022-09-12,0.0105286515
2022-09-13,-0.0441991630
2022-09-14,0.0033812891
2022-09-15,-0.0113822722
2022-09-16,-0.0072080498
2022-09-19,0.0068336977
2022-09-20,-0.0113361147
2022-09-21,-0.0172646741
2022-09-22,-0.0084632938
2022-09-23,-0.0173828288
2022-09-26,-0.0103943609
2022-09-27,-0.0021226110
2022-09-28,0.0194811442
2022-09-29,-0.0213527948
2022-09-30,-0.0151813515
2022-10-03,0.0255545775
2022-10-04,0.0301253414
2022-10-05,-0.0020199876
2022-10-06,-0.0102979229
2022-10-07,-0.0284031965
2022-10-10,-0.0075206731
2022-10-11,-0.0065405184
2022-10-12,-0.0032961997
2022-10-13,0.0256342593
2022-10-14,-0.0239471207
2022-10-17,0.0261355246
2022-10-18,0.0113627682
2022-10-19,-0.0066944552
2022-10-20,-0.0079826867
2022-10-21,0.0234477599
2022-10-24,0.0118119402
2022-10-25,0.0161357700
2022-10-26,-0.0074151404
2022-10-27,-0.0061011851
2022-10-28,0.0243280368
2022-10-31,-0.0074823270
2022-11-01,-0.0041096637
2022-11-02,-0.0253198437
2022-11-03,-0.0106424225
2022-11-04,0.0135268233
2022-11-07,0.0095680617
2022-11-08,0.0055822828
2022-11-09,-0.0209967847
2022-11-10,0.0539525157
2022-11-11,0.0091983123
2022-11-14,-0.0089759405
2022-11-15,0.0086753764
2022-11-16,-0.0082862831
2022-11-17,-0.0030941046
2022-11-18,0.0047472956
2022-11-21,-0.0038912498
2022-11-22,0.0134886063
2022-11-23,0.0058972660
2022-11-25,-0.0002830843
2022-11-28,-0.0155646968
2022-11-29,-0.0015931337
2022-11-30,0.0304786435
2022-12-01,-0.0008680098
2022-12-02,-0.0011953747
2022-12-05,-0.0180562496
2022-12-06,-0.0145038694
2022-12-07,-0.0018641073
2022-12-08,0.0074936344
2022-12-09,-0.0073767195
2022-12-12,0.0141783073
2022-12-13,0.0072632233
2022-12-14,-0.0060711166
2022-12-15,-0.0252374779
2022-12-16,-0.0112002399
2022-12-19,-0.0090483289
2022-12-20,0.0010368007
2022-12-21,0.0147585487
2022-12-22,-0.0145571425
2022-12-23,0.0058509523
2022-12-27,-0.0040578440
2022-12-28,-0.0120934704
2022-12-29,0.0173106343
2022-12-30,-0.0025439756
