{"train_deviation": {"pca_nqe": [0.44285783551437374, 0.4250554011614706, 0.45556994241397475, 0.44749392901710655, 0.4431645656546046], "nqe": [0.4728290955378361, 0.44046937095997996, 0.46846633334745647, 0.4737751385480193, 0.47926941503401854], "without_nqe": [0.043603588009847816, 0.044021709057827554, 0.04438429818812487, 0.04306692914961729, 0.044095224791725784]}, "test_deviation": {"pca_nqe": [0.44477728605887734, 0.42650305676070205, 0.46605631625664584, 0.44565408461842126, 0.44811471665115893], "nqe": [0.45227861303578065, 0.41636526099018284, 0.4449183377305136, 0.4524534002660111, 0.4794240519934507], "without_nqe": [0.047105173025223136, 0.04670560280844385, 0.045708627686003644, 0.04684816337878283, 0.046629800707088505]}, "train_kernel_var": {"pca_nqe": [0.22906890511512756, 0.2316480278968811, 0.23863449692726135, 0.23118562996387482, 0.22511139512062073], "nqe": [0.2443370372056961, 0.21917718648910522, 0.23805628716945648, 0.2390758991241455, 0.2436029016971588], "without_nqe": [0.03199521452188492, 0.031941141933202744, 0.03202144429087639, 0.03197424113750458, 0.03210889548063278]}, "test_kernel_var": {"pca_nqe": [0.2307431846857071, 0.23452043533325195, 0.2412610799074173, 0.23060806095600128, 0.22814248502254486], "nqe": [0.23491065204143524, 0.21113221347332, 0.2255667895078659, 0.22931581735610962, 0.2408766746520996], "without_nqe": [0.03446272015571594, 0.03447791934013367, 0.03456537798047066, 0.03452111408114433, 0.03431883081793785]}, "config": {"dataset": "mnist", "use_merlin": true, "batch_size": 100, "num_epochs_training_embedding": 50, "lr": 0.01, "distance": "Trace", "samples_per_class": 150, "num_repetitions": 5}}