{"train_deviation": {"pca_nqe": [0.4665028386479798, 0.47050141328374284, 0.4668825568924119, 0.46727773889032015, 0.4712725042966748, 0.4665864234015726, 0.47093536754053467, 0.48271728425891225], "nqe": [0.48311215132621543, 0.48501575202514763, 0.08439677293400757, 0.48324970152007024, 0.48585562111114255, 0.48225246564187574, 0.48327461818104706, 0.483786758176724], "without_nqe": [0.059556222375724444, 0.060231754988871185, 0.06040915340272388, 0.060422767435078906, 0.06025926831832456, 0.05973236846985213, 0.05993236490542651, 0.06003000129941757]}, "test_deviation": {"pca_nqe": [0.46546313311194487, 0.4674517245555225, 0.46584921425489867, 0.46446742621985976, 0.4692756111242938, 0.4646342151375728, 0.46936478436901846, 0.4834692016825894], "nqe": [0.4828120020033705, 0.4775403538664381, 0.09103663487013264, 0.4752169362434006, 0.48346657067911414, 0.47483451970654905, 0.4748830207324838, 0.4804764219703259], "without_nqe": [0.06200739410478511, 0.06217530350548504, 0.062386963580697674, 0.06210641349520739, 0.06232873740139385, 0.061738291671575324, 0.06220940313453212, 0.0620244630882754]}, "train_kernel_var": {"pca_nqe": [0.21517667174339294, 0.22796307504177094, 0.23138076066970825, 0.23408077657222748, 0.2298506796360016, 0.23434661328792572, 0.21118199825286865, 0.23751933872699738], "nqe": [0.24329310655593872, 0.24372011423110962, 0.06145899370312691, 0.24249237775802612, 0.24406473338603973, 0.2431708425283432, 0.24211415648460388, 0.2425355613231659], "without_nqe": [0.03120066411793232, 0.031200626865029335, 0.031200554221868515, 0.03120069019496441, 0.031200643628835678, 0.03120061196386814, 0.031200658529996872, 0.031200675293803215]}, "test_kernel_var": {"pca_nqe": [0.21469013392925262, 0.22607779502868652, 0.23023763298988342, 0.23274070024490356, 0.2278393805027008, 0.23281918466091156, 0.21019969880580902, 0.23669250309467316], "nqe": [0.24247565865516663, 0.2378901094198227, 0.06506134569644928, 0.2382175773382187, 0.24236199259757996, 0.23787307739257812, 0.23746106028556824, 0.2399875819683075], "without_nqe": [0.03288422152400017, 0.0328841358423233, 0.03288412466645241, 0.03288424387574196, 0.032884202897548676, 0.03288419172167778, 0.032884225249290466, 0.03288422152400017]}, "config": {"dataset": "mnist", "use_merlin": false, "batch_size": 100, "num_epochs_training_embedding": 200, "lr": 0.01, "distance": "Trace", "samples_per_class": 500, "num_repetitions": 8}}