{"generalization_error": {"pca_nqe": [[0.05535453767817964, 0.04892218280627444, 0.04742017873718413, 0.046826174562572764, 0.04652142897166783, 0.04633807030358416, 0.04621501140825839, 0.046125561398298154, 0.046056491825275915], [0.0587251035068715, 0.051995427889780337, 0.04996582364299049, 0.04901602283632708, 0.04846473222972991, 0.04810021017749763, 0.04783720586777705, 0.047635316162448635, 0.04747308786177102], [0.05055797264701558, 0.04728670880918475, 0.04627364840010436, 0.045800427571386956, 0.04553112327906151, 0.04535834412899702, 0.04523801805664786, 0.04514900622842365, 0.04508001634737712], [0.07165705226901516, 0.05870220359021669, 0.05397931162467669, 0.051587072133235316, 0.050158837361852844, 0.049217036569596154, 0.04855308664343586, 0.04806189279673376, 0.04768494856949929], [0.05852531224051592, 0.05314931121431667, 0.050854259367320784, 0.04953307595035266, 0.04866786748529257, 0.048057407085802695, 0.04760439244668406, 0.0472554063074577, 0.04697856631075609]], "nqe": [[0.0489763800167008, 0.04705026697163481, 0.0463533923071813, 0.0459975621394427, 0.04578200315727527, 0.045637136749149626, 0.045532684735199454, 0.04545340892788543, 0.045390821878921496], [0.05048149850245564, 0.04946729429326415, 0.048738471933377256, 0.04817874219080159, 0.047735494528184576, 0.047376908939563436, 0.047081857025037456, 0.04683560612751997, 0.0466275419963519], [0.1516159284248182, 0.13582823251705814, 0.1271247946162061, 0.12117827752566551, 0.11665430843532394, 0.11298128419969436, 0.1098694157459789, 0.10715470509091173, 0.10473659268803698], [0.05322998972112508, 0.05188663947934933, 0.0509150009972146, 0.05015796200771187, 0.04954990310148086, 0.04905178406433727, 0.04863751322907271, 0.0482886400856361, 0.0479916588801025], [0.04506704191946593, 0.044871500940870036, 0.04481720335176015, 0.04479036143196288, 0.04477243200325125, 0.04475826278893739, 0.044745961664662715, 0.04473469990958014, 0.04472406707894978]], "without_nqe": [[0.05535453767817964, 0.04892218280627444, 0.04742017873718413, 0.046826174562572764, 0.04652142897166783, 0.04633807030358416, 0.04621501140825839, 0.046125561398298154, 0.046056491825275915], [0.0587251035068715, 0.051995427889780337, 0.04996582364299049, 0.04901602283632708, 0.04846473222972991, 0.04810021017749763, 0.04783720586777705, 0.047635316162448635, 0.04747308786177102], [0.05055797264701558, 0.04728670880918475, 0.04627364840010436, 0.045800427571386956, 0.04553112327906151, 0.04535834412899702, 0.04523801805664786, 0.04514900622842365, 0.04508001634737712], [0.07165705226901516, 0.05870220359021669, 0.05397931162467669, 0.051587072133235316, 0.050158837361852844, 0.049217036569596154, 0.04855308664343586, 0.04806189279673376, 0.04768494856949929], [0.05852531224051592, 0.05314931121431667, 0.050854259367320784, 0.04953307595035266, 0.04866786748529257, 0.048057407085802695, 0.04760439244668406, 0.0472554063074577, 0.04697856631075609]]}, "config": {"dataset": "mnist", "use_merlin": false, "batch_size": 100, "num_epochs_training_embedding": 1000, "lr": 0.01, "distance": "Trace", "samples_per_class": 500, "num_repetitions": 5, "weights": [0.1, 0.2, 0.3, 0.4, 0.5, 0.6, 0.7, 0.8, 0.9]}}