run_id,Model,Size,epoch,elapsed time (s),Trainable parameters,Loss,IC_u,IC_du,PDE,Relative L2 error
20260402-161703,cc,16-2,1800,3.59,721,3.6180e-02,1.5095e-03,2.1008e-05,3.4668e+02,4.159862e-01
20260402-163346,cc,16-2,1800,3.33,721,3.6180e-02,1.5095e-03,2.1008e-05,3.4668e+02,4.159862e-01
20260402-123000,pp,3,1800,16330.90,57,5.6532e-04,2.5641e-06,1.1311e-07,5.6274e+00,4.607443e-03
