run_id,Model,Size,epoch,elapsed time (s),Trainable parameters,Loss,IC_u,IC_du,PDE,Relative L2 error
20260401-182914,cc,16-2,1800,2.56,793,7.5778e-02,5.9741e-03,3.3838e-09,6.9804e+02,5.675048e-01
20260401-182914,cc,16-2,1800,2.56,793,7.5778e-02,5.9741e-03,3.3838e-09,6.9804e+02,5.675048e-01
20260401-183015,ci,16-2-1,1800,82.27,495,1.1139e-02,4.7836e-04,1.9785e-04,1.0641e+02,1.692316e-01
20260401-183015,ci,16-2-1,1800,82.27,495,1.1139e-02,4.7836e-04,1.9785e-04,1.0641e+02,1.692316e-01
20260401-184131,ci,16-2-1,1800,92.08,495,1.1139e-02,4.7836e-04,1.9785e-04,1.0641e+02,1.692316e-01
20260401-182914,cc,16-2,1800,2.56,793,7.5778e-02,5.9741e-03,3.3838e-09,6.9804e+02,5.675048e-01
20260402-122847,cc,16-2,1800,2.39,793,7.5778e-02,5.9741e-03,3.3838e-09,6.9804e+02,5.675048e-01
