{
  "loss_list_embedding": [
    0.41120418906211853,
    0.3790009617805481,
    0.3736434280872345,
    0.23475497961044312,
    0.13906358182430267,
    0.07749053835868835,
    0.07160819321870804,
    0.08270437270402908,
    0.09116489440202713,
    0.08674484491348267,
    0.033233605325222015,
    0.03407307714223862,
    0.04329359903931618,
    0.026418955996632576,
    0.03334757313132286,
    0.0334913395345211,
    0.014292474836111069,
    0.027292899787425995,
    0.00988391786813736,
    0.014548607170581818,
    0.008979557082057,
    0.00709370244294405,
    0.011170445941388607,
    0.0024191848933696747,
    0.009451841935515404,
    0.0015048559289425611,
    0.00604225741699338,
    0.007289524655789137,
    0.0085460115224123,
    0.004431016277521849,
    0.0015372454654425383,
    0.006287431810051203,
    0.008432291448116302,
    0.0022043369244784117,
    0.002065430860966444,
    0.002896623220294714,
    0.004482158459722996,
    0.002453580731526017,
    0.001401553745381534,
    0.0011291737901046872,
    0.001737012411467731,
    0.0037949481047689915,
    0.007499007973819971,
    0.0006099446909502149,
    0.001138799823820591,
    0.0033186571672558784,
    0.001135355676524341,
    0.0005568782798945904,
    0.002398223616182804,
    0.0007361638708971441
  ],
  "train_distances": [
    0.256184458732605,
    0.38668519258499146,
    0.5261096954345703,
    0.6707679629325867,
    0.7941305041313171,
    0.8765271902084351,
    0.9198616147041321,
    0.9403002262115479,
    0.9508412480354309,
    0.9567852020263672,
    0.961757242679596,
    0.965912938117981,
    0.967948317527771,
    0.96715247631073,
    0.9644445776939392,
    0.9605086445808411,
    0.9562532901763916,
    0.9500975608825684,
    0.9463093876838684,
    0.9459747076034546,
    0.9487994909286499,
    0.9548651576042175,
    0.9608774781227112,
    0.9670316576957703,
    0.9721807837486267,
    0.9763795733451843,
    0.9793537259101868,
    0.9819681644439697,
    0.983204185962677,
    0.9830516576766968,
    0.9825135469436646,
    0.9822958111763,
    0.9819057583808899,
    0.9808628559112549,
    0.9795270562171936,
    0.9782800078392029,
    0.9752439260482788,
    0.9728766083717346,
    0.9700609445571899,
    0.9668586850166321,
    0.9659398198127747,
    0.9698458909988403,
    0.9752255082130432,
    0.9788531064987183,
    0.9811174273490906,
    0.9825199842453003,
    0.9837902188301086,
    0.984599232673645,
    0.9849773049354553,
    0.985223114490509
  ],
  "test_distances": [
    0.2555676996707916,
    0.3869277834892273,
    0.5274255871772766,
    0.6737175583839417,
    0.7980294227600098,
    0.8809808492660522,
    0.9239247441291809,
    0.9433137774467468,
    0.953311562538147,
    0.9587493538856506,
    0.9632980823516846,
    0.966880202293396,
    0.9683076739311218,
    0.967094361782074,
    0.9639971852302551,
    0.9597132802009583,
    0.9555819630622864,
    0.9502551555633545,
    0.9473475813865662,
    0.9481298327445984,
    0.9520400166511536,
    0.9587483406066895,
    0.9647619724273682,
    0.9705215692520142,
    0.9749993681907654,
    0.9785285592079163,
    0.9807860255241394,
    0.9826789498329163,
    0.9831470251083374,
    0.9824750423431396,
    0.9815100431442261,
    0.9807498455047607,
    0.9800833463668823,
    0.979102373123169,
    0.9779826402664185,
    0.9770110845565796,
    0.9747109413146973,
    0.9730737805366516,
    0.9710082411766052,
    0.9685880541801453,
    0.9679736495018005,
    0.9711828827857971,
    0.9752383828163147,
    0.9777214527130127,
    0.9791153073310852,
    0.9796820878982544,
    0.9801030158996582,
    0.9803261756896973,
    0.9802838563919067,
    0.9802203178405762
  ],
  "loss_list_classier": [
    0.47790440917015076,
    0.45297420024871826,
    0.4442462921142578,
    0.4292663335800171,
    0.4100220799446106,
    0.3927375078201294,
    0.37358933687210083,
    0.3633164167404175,
    0.34537097811698914,
    0.32903802394866943,
    0.31754982471466064,
    0.29151451587677,
    0.2871240973472595,
    0.2781500220298767,
    0.26265448331832886,
    0.263376921415329,
    0.2520875632762909,
    0.2396848350763321,
    0.25146719813346863,
    0.22020474076271057,
    0.2272496372461319,
    0.23117607831954956,
    0.22186851501464844,
    0.2154514491558075,
    0.2227904349565506,
    0.20343971252441406,
    0.2169950306415558,
    0.2106228619813919,
    0.21207953989505768,
    0.19473214447498322,
    0.20832806825637817,
    0.18678683042526245,
    0.20493832230567932,
    0.2015703320503235,
    0.19968241453170776,
    0.18718189001083374,
    0.19973160326480865,
    0.1821667104959488,
    0.18000629544258118,
    0.18716397881507874,
    0.17914657294750214,
    0.18408125638961792,
    0.17580215632915497,
    0.173929825425148,
    0.14939439296722412,
    0.16287894546985626,
    0.15692271292209625,
    0.16122165322303772,
    0.15789128839969635,
    0.15748216211795807
  ],
  "train_acc": [
    91.0,
    98.0,
    99.0,
    99.33333333333333,
    99.33333333333333,
    99.33333333333333,
    99.33333333333333,
    99.66666666666667,
    99.66666666666667,
    99.66666666666667,
    99.66666666666667,
    99.66666666666667,
    99.66666666666667,
    99.66666666666667,
    99.66666666666667,
    99.66666666666667,
    99.66666666666667,
    99.66666666666667,
    99.66666666666667,
    99.66666666666667,
    99.66666666666667,
    99.66666666666667,
    99.66666666666667,
    99.66666666666667,
    99.66666666666667,
    99.66666666666667,
    99.66666666666667,
    99.66666666666667,
    99.66666666666667,
    99.66666666666667,
    99.66666666666667,
    99.66666666666667,
    99.66666666666667,
    99.66666666666667,
    99.66666666666667,
    99.66666666666667,
    99.66666666666667,
    99.66666666666667,
    99.66666666666667,
    99.66666666666667,
    99.66666666666667,
    99.66666666666667,
    99.66666666666667,
    99.66666666666667,
    99.66666666666667,
    99.66666666666667,
    99.66666666666667,
    99.66666666666667,
    99.66666666666667,
    99.66666666666667
  ],
  "test_acc": [
    96.0,
    99.0,
    99.66666666666667,
    99.66666666666667,
    99.66666666666667,
    99.66666666666667,
    99.66666666666667,
    99.66666666666667,
    99.66666666666667,
    99.66666666666667,
    99.66666666666667,
    99.66666666666667,
    99.66666666666667,
    99.66666666666667,
    99.66666666666667,
    99.66666666666667,
    99.66666666666667,
    99.66666666666667,
    99.66666666666667,
    99.66666666666667,
    99.66666666666667,
    99.66666666666667,
    99.66666666666667,
    99.66666666666667,
    99.66666666666667,
    99.66666666666667,
    99.66666666666667,
    99.66666666666667,
    99.66666666666667,
    99.66666666666667,
    99.66666666666667,
    99.66666666666667,
    99.66666666666667,
    99.66666666666667,
    99.66666666666667,
    99.66666666666667,
    99.66666666666667,
    99.66666666666667,
    99.66666666666667,
    99.66666666666667,
    99.66666666666667,
    99.66666666666667,
    99.66666666666667,
    99.66666666666667,
    99.66666666666667,
    99.66666666666667,
    99.66666666666667,
    99.66666666666667,
    99.66666666666667,
    99.66666666666667
  ]
}