{"effective_dimension": {"nqe": [[13.813530088824285, 17.11270444817244, 17.1095084015571, 17.380343706623194, 17.12995749862838, 17.575681832986316], [13.301349658715724, 15.791564571388333, 16.32908861527962, 15.566565901816206, 15.959188465549463, 16.44894274644498], [9.611417113678856, 13.647106941761164, 14.519027664741289, 14.93646124826105, 14.828662799748557, 15.290439099312172], [12.338783295691293, 15.08877809155017, 16.225308666003944, 16.748378927014343, 15.960343747537118, 16.461646710063647], [10.18510170165778, 13.97264921374466, 14.246775626140856, 14.297081383400988, 15.746325010650832, 16.25277565241122], [9.155808966938864, 12.872638636094608, 13.163836012770043, 14.026275231985828, 13.546058713609703, 14.047835802952784], [12.030302743020943, 15.829749514587286, 16.342441071634248, 16.7012699117772, 16.559376555844604, 17.25842469479317], [13.936235322071372, 16.62070137127198, 17.131570316119024, 16.987628213232536, 17.353629619149647, 17.28308125144319], [14.261652419388076, 17.788634236821895, 18.32356348559942, 18.634458139616278, 18.009409567567133, 18.949907593886415]], "without_nqe": [[20.778066403374964, 21.531893189013207, 21.446143434906503, 21.920932762056996, 22.03121334580228, 22.35350912312114], [19.264623883067216, 19.283177023674007, 19.524365992002835, 19.872393955560668, 20.601926151355034, 20.74969037886429], [20.00076411021478, 21.087286141324274, 21.281415257445676, 21.779722159692326, 21.56361450422634, 21.89916294256086], [19.566104196838427, 21.162598341998198, 21.651555871867153, 21.744082930705463, 22.094835510471864, 22.12720718762873], [20.686320714149883, 21.83228721553711, 21.67075692259194, 21.57296304388027, 21.468374884638713, 21.15784557993257], [19.492731325406623, 20.784701704243105, 21.063537298495113, 21.407977103954533, 21.37880134442342, 21.61840255616286], [19.563620950728286, 21.04804351125946, 21.26231070306664, 21.33276542025837, 21.589331031744607, 21.606511889141487], [20.04047845174719, 20.46677629716446, 20.29683388344742, 20.815451120215297, 21.036948464496557, 21.11380397828576], [20.631454031844374, 21.842678627353745, 21.969795265372106, 22.23722728529092, 22.04296888269067, 22.207484998136422]]}, "config": {"use_merlin": true, "batch_size": 25, "num_epochs_training_embedding": 100, "lr": 0.01, "distance": "Trace", "samples_per_dataset": 400, "num_datasets": 3, "num_repetitions_per_dataset": 3, "epsilon": 0.01, "num_samples_int": 100}}