{"effective_dimension": {"nqe": [[9.336520818037183, 11.224408849612942, 12.659985598998462, 13.17744066443931, 12.174401175326297, 13.264231724615215], [9.156079169841231, 12.035954168866077, 12.271300605670609, 12.539421447097041, 12.407093869249152, 12.466618283100805], [14.21132290418615, 17.01226540570867, 17.62736777679717, 17.663964947892573, 18.43327036280833, 17.657544719412392], [8.89841445248545, 13.15118383965118, 13.826283903416996, 13.861002911279815, 14.025262912070987, 13.6283698924522], [9.020794598528942, 11.598192515042784, 11.10243629691337, 11.78770641423363, 12.2159766855949, 12.52129543806926], [9.864360069032628, 12.097118676861918, 12.915633620591178, 13.585221487494742, 13.499907748458215, 13.96221235075348], [11.536293830979336, 14.29135582018414, 15.062630628901653, 14.838600913434746, 15.24632409166226, 15.450041160405668], [10.140738052468402, 12.428516772452829, 13.012083664992389, 13.59189262280291, 13.63800190269563, 13.25297794754936], [10.412565528665224, 13.679675808948035, 14.00673367142622, 14.113465896718035, 14.285878582901935, 14.77604015621018]], "without_nqe": [[20.614413964876867, 20.172896533174747, 20.504843907770482, 20.921165205216273, 21.022384430990655, 21.131934280723502], [20.75723930696876, 21.042936448028826, 20.90424808613118, 20.209840704223215, 20.1287989508992, 20.70654864808889], [21.13328641968758, 21.227792304083728, 21.41214616962356, 21.245665534977427, 21.30976935948792, 21.361756055278942], [19.269127065559797, 19.975413133616787, 19.71154757518511, 20.3589651510221, 20.294271719328616, 20.091481415913986], [20.343742315768726, 20.46141045676743, 20.637516479573176, 19.94826043388017, 19.92112282347228, 20.069546550659204], [17.46616783144369, 19.371189671919872, 19.50202985103293, 18.842859832790655, 20.091366254823633, 20.32378176792573], [20.280351798924755, 20.231420835709052, 21.007930650524653, 20.466177911546506, 20.175687055927146, 20.489394379110013], [19.85391665453782, 20.231564270413152, 20.65665839938662, 20.78717834192443, 20.63880917511498, 20.79067203014606], [18.836092492141013, 19.95955944029834, 20.50804149054283, 20.233527769420988, 20.17747766191607, 20.530102452459214]]}, "config": {"use_merlin": false, "batch_size": 25, "num_epochs_training_embedding": 100, "lr": 0.01, "distance": "Trace", "samples_per_datatset": 400, "num_datasets": 3, "num_repetitions_per_dataset": 3, "epsilon": 0.01, "num_samples_int": 100}}